[SYSTEM] Loading execution plan from experiment_mapping_tiered.json...

--- PHASE 3: Running Exp 2 (Secure Views) ---
b'CREATE OR REPLACE VIEW customer_view AS SELECT * FROM customer WHERE c_custkey IN (SELECT c_custkey FROM rls_bypass_view_customer);'
b'CREATE OR REPLACE VIEW supplier_view AS SELECT * FROM supplier WHERE s_suppkey IN (SELECT s_suppkey FROM rls_bypass_view_supplier);'
b'CREATE OR REPLACE VIEW partsupp_view AS SELECT * FROM partsupp WHERE (ps_partkey, ps_suppkey) IN (SELECT ps_partkey, ps_suppkey FROM rls_bypass_view_partsupp);'
b'CREATE OR REPLACE VIEW lineitem_view AS SELECT * FROM lineitem WHERE (l_orderkey, l_linenumber) IN (SELECT l_orderkey, l_linenumber FROM rls_bypass_view_lineitem);'

 select
        l_returnflag,
        l_linestatus,
        sum(l_quantity) as sum_qty,
        sum(l_extendedprice) as sum_base_price,
        sum(l_extendedprice * (1 - l_discount)) as sum_disc_price,
        sum(l_extendedprice * (1 - l_discount) * (1 + l_tax)) as sum_charge,
        avg(l_quantity) as avg_qty,
        avg(l_extendedprice) as avg_price,
        avg(l_discount) as avg_disc,
        count(*) as count_order
FROM lineitem_view
where
        l_shipdate <= date '1998-12-01' - interval '3' day
group by
        l_returnflag,
        l_linestatus
order by
        l_returnflag,
        l_linestatus
b"EXPLAIN select\n        l_returnflag,\n        l_linestatus,\n        sum(l_quantity) as sum_qty,\n        sum(l_extendedprice) as sum_base_price,\n        sum(l_extendedprice * (1 - l_discount)) as sum_disc_price,\n        sum(l_extendedprice * (1 - l_discount) * (1 + l_tax)) as sum_charge,\n        avg(l_quantity) as avg_qty,\n        avg(l_extendedprice) as avg_price,\n        avg(l_discount) as avg_disc,\n        count(*) as count_order\nFROM lineitem_view\nwhere\n        l_shipdate <= date '1998-12-01' - interval '3' day\ngroup by\n        l_returnflag,\n        l_linestatus\norder by\n        l_returnflag,\n        l_linestatus"

Pretty EXPLAIN output:
Finalize GroupAggregate  (cost=366065.63..366070.40 rows=6 width=236)
  Group Key: lineitem.l_returnflag, lineitem.l_linestatus
  ->  Gather Merge  (cost=366065.63..366069.26 rows=30 width=236)
        Workers Planned: 5
        ->  Sort  (cost=365065.55..365065.57 rows=6 width=236)
              Sort Key: lineitem.l_returnflag, lineitem.l_linestatus
              ->  Partial HashAggregate  (cost=365065.34..365065.47 rows=6 width=236)
                    Group Key: lineitem.l_returnflag, lineitem.l_linestatus
                    ->  Parallel Hash Semi Join  (cost=208221.14..348076.13 rows=485406 width=25)
                          Hash Cond: ((lineitem.l_orderkey = o.o_orderkey) AND (lineitem.l_linenumber = l.l_linenumber))
                          ->  Parallel Seq Scan on lineitem  (cost=0.00..127606.60 rows=1200411 width=33)
                                Filter: (l_shipdate <= '1998-11-28 00:00:00'::timestamp without time zone)
                          ->  Parallel Hash  (cost=200939.33..200939.33 rows=485454 width=12)
                                ->  Parallel Hash Semi Join  (cost=59286.54..200939.33 rows=485454 width=12)
                                      Hash Cond: ((l.l_partkey = ps.ps_partkey) AND (l.l_suppkey = ps.ps_suppkey))
                                      ->  Parallel Hash Semi Join  (cost=34630.15..167787.50 rows=485454 width=20)
                                            Hash Cond: (l.l_orderkey = o.o_orderkey)
                                            ->  Parallel Seq Scan on lineitem l  (cost=0.00..124605.28 rows=1200528 width=16)
                                            ->  Parallel Hash  (cost=32184.39..32184.39 rows=195661 width=4)
                                                  ->  Parallel Seq Scan on orders o  (cost=0.00..32184.39 rows=195661 width=4)
                                                        Filter: (o_orderpriority = ANY ('{1-URGENT,2-HIGH}'::bpchar[]))
                                      ->  Parallel Hash  (cost=20785.81..20785.81 rows=258039 width=8)
                                            ->  Parallel Seq Scan on partsupp ps  (cost=0.00..20785.81 rows=258039 width=8)
                                                  Filter: (ps_availqty > 0)
JIT:
  Functions: 37
  Options: Inlining false, Optimization false, Expressions true, Deforming true
b"EXPLAIN select\n        l_returnflag,\n        l_linestatus,\n        sum(l_quantity) as sum_qty,\n        sum(l_extendedprice) as sum_base_price,\n        sum(l_extendedprice * (1 - l_discount)) as sum_disc_price,\n        sum(l_extendedprice * (1 - l_discount) * (1 + l_tax)) as sum_charge,\n        avg(l_quantity) as avg_qty,\n        avg(l_extendedprice) as avg_price,\n        avg(l_discount) as avg_disc,\n        count(*) as count_order\nFROM lineitem_view\nwhere\n        l_shipdate <= date '1998-12-01' - interval '3' day\ngroup by\n        l_returnflag,\n        l_linestatus\norder by\n        l_returnflag,\n        l_linestatus"

Pretty EXPLAIN output:
Finalize GroupAggregate  (cost=366065.63..366070.40 rows=6 width=236)
  Group Key: lineitem.l_returnflag, lineitem.l_linestatus
  ->  Gather Merge  (cost=366065.63..366069.26 rows=30 width=236)
        Workers Planned: 5
        ->  Sort  (cost=365065.55..365065.57 rows=6 width=236)
              Sort Key: lineitem.l_returnflag, lineitem.l_linestatus
              ->  Partial HashAggregate  (cost=365065.34..365065.47 rows=6 width=236)
                    Group Key: lineitem.l_returnflag, lineitem.l_linestatus
                    ->  Parallel Hash Semi Join  (cost=208221.14..348076.13 rows=485406 width=25)
                          Hash Cond: ((lineitem.l_orderkey = o.o_orderkey) AND (lineitem.l_linenumber = l.l_linenumber))
                          ->  Parallel Seq Scan on lineitem  (cost=0.00..127606.60 rows=1200411 width=33)
                                Filter: (l_shipdate <= '1998-11-28 00:00:00'::timestamp without time zone)
                          ->  Parallel Hash  (cost=200939.33..200939.33 rows=485454 width=12)
                                ->  Parallel Hash Semi Join  (cost=59286.54..200939.33 rows=485454 width=12)
                                      Hash Cond: ((l.l_partkey = ps.ps_partkey) AND (l.l_suppkey = ps.ps_suppkey))
                                      ->  Parallel Hash Semi Join  (cost=34630.15..167787.50 rows=485454 width=20)
                                            Hash Cond: (l.l_orderkey = o.o_orderkey)
                                            ->  Parallel Seq Scan on lineitem l  (cost=0.00..124605.28 rows=1200528 width=16)
                                            ->  Parallel Hash  (cost=32184.39..32184.39 rows=195661 width=4)
                                                  ->  Parallel Seq Scan on orders o  (cost=0.00..32184.39 rows=195661 width=4)
                                                        Filter: (o_orderpriority = ANY ('{1-URGENT,2-HIGH}'::bpchar[]))
                                      ->  Parallel Hash  (cost=20785.81..20785.81 rows=258039 width=8)
                                            ->  Parallel Seq Scan on partsupp ps  (cost=0.00..20785.81 rows=258039 width=8)
                                                  Filter: (ps_availqty > 0)
JIT:
  Functions: 37
  Options: Inlining false, Optimization false, Expressions true, Deforming true

 select
        s_acctbal,
        s_name,
        n_name,
        p_partkey,
        p_mfgr,
        s_address,
        s_phone,
        s_comment
from
        part,
        supplier_view,
        partsupp_view,
        nation,
        region
where
        p_partkey = ps_partkey
        and s_suppkey = ps_suppkey
        and p_size = 15
        and p_type like '%BRASS'
        and s_nationkey = n_nationkey
        and n_regionkey = r_regionkey
        and r_name = 'EUROPE'
        and ps_supplycost = (
                select
                        min(ps_supplycost)
                FROM partsupp_view,
                        supplier_view,
                        nation,
                        region
                where
                        p_partkey = ps_partkey
                        and s_suppkey = ps_suppkey
                        and s_nationkey = n_nationkey
                        and n_regionkey = r_regionkey
                        and r_name = 'EUROPE'
        )
order by
        s_acctbal desc,
        n_name,
        s_name,
        p_partkey limit 100
b"EXPLAIN select\n        s_acctbal,\n        s_name,\n        n_name,\n        p_partkey,\n        p_mfgr,\n        s_address,\n        s_phone,\n        s_comment\nfrom\n        part,\n        supplier_view,\n        partsupp_view,\n        nation,\n        region\nwhere\n        p_partkey = ps_partkey\n        and s_suppkey = ps_suppkey\n        and p_size = 15\n        and p_type like '%BRASS'\n        and s_nationkey = n_nationkey\n        and n_regionkey = r_regionkey\n        and r_name = 'EUROPE'\n        and ps_supplycost = (\n                select\n                        min(ps_supplycost)\n                FROM partsupp_view,\n                        supplier_view,\n                        nation,\n                        region\n                where\n                        p_partkey = ps_partkey\n                        and s_suppkey = ps_suppkey\n                        and s_nationkey = n_nationkey\n                        and n_regionkey = r_regionkey\n                        and r_name = 'EUROPE'\n        )\norder by\n        s_acctbal desc,\n        n_name,\n        s_name,\n        p_partkey limit 100"

Pretty EXPLAIN output:
Limit  (cost=64056.10..64056.10 rows=1 width=192)
  ->  Sort  (cost=64056.10..64056.10 rows=1 width=192)
        Sort Key: supplier.s_acctbal DESC, nation.n_name, supplier.s_name, part.p_partkey
        ->  Merge Join  (cost=52125.29..64056.09 rows=1 width=192)
              Merge Cond: (part.p_partkey = partsupp.ps_partkey)
              Join Filter: (partsupp.ps_supplycost = (SubPlan 1))
              ->  Gather Merge  (cost=1000.44..9675.70 rows=774 width=30)
                    Workers Planned: 2
                    ->  Parallel Index Scan using idx_part_pk on part  (cost=0.42..8586.34 rows=322 width=30)
                          Filter: (((p_type)::text ~~ '%BRASS'::text) AND (p_size = 15))
              ->  Sort  (cost=51124.85..51127.88 rows=1213 width=176)
                    Sort Key: partsupp.ps_partkey
                    ->  Gather  (cost=29270.23..51062.71 rows=1213 width=176)
                          Workers Planned: 3
                          ->  Hash Join  (cost=28270.23..49941.41 rows=391 width=176)
                                Hash Cond: (s_1.s_suppkey = supplier.s_suppkey)
                                ->  Parallel Hash Semi Join  (cost=27990.63..49617.65 rows=10737 width=26)
                                      Hash Cond: ((partsupp.ps_suppkey = s_1.s_suppkey) AND (partsupp.ps_partkey = ps.ps_partkey))
                                      ->  Parallel Seq Scan on partsupp  (cost=0.00..20140.65 rows=258065 width=14)
                                      ->  Parallel Hash  (cost=24504.42..24504.42 rows=232414 width=12)
                                            ->  Hash Semi Join  (cost=461.85..24504.42 rows=232414 width=12)
                                                  Hash Cond: (ps.ps_suppkey = s_1.s_suppkey)
                                                  ->  Parallel Seq Scan on partsupp ps  (cost=0.00..20785.81 rows=255685 width=8)
                                                        Filter: (ps_availqty > 100)
                                                  ->  Hash  (cost=348.00..348.00 rows=9108 width=4)
                                                        ->  Seq Scan on supplier s_1  (cost=0.00..348.00 rows=9108 width=4)
                                                              Filter: (s_acctbal > '0'::numeric)
                                ->  Hash  (cost=275.04..275.04 rows=364 width=170)
                                      ->  Nested Loop  (cost=234.13..275.04 rows=364 width=170)
                                            Join Filter: (nation.n_nationkey = supplier.s_nationkey)
                                            ->  Nested Loop  (cost=233.85..272.91 rows=5 width=34)
                                                  Join Filter: (nation.n_regionkey = region.r_regionkey)
                                                  ->  Nested Loop  (cost=233.85..271.35 rows=1 width=8)
                                                        ->  Seq Scan on region  (cost=0.00..1.06 rows=1 width=4)
                                                              Filter: (r_name = 'EUROPE'::bpchar)
                                                        ->  HashAggregate  (cost=233.85..252.07 rows=1822 width=4)
                                                              Group Key: s.s_suppkey
                                                              ->  Nested Loop  (cost=7.62..229.29 rows=1822 width=4)
                                                                    ->  HashAggregate  (cost=2.48..2.53 rows=5 width=4)
                                                                          Group Key: n.n_nationkey
                                                                          ->  Hash Join  (cost=1.07..2.47 rows=5 width=4)
                                                                                Hash Cond: (n.n_regionkey = r.r_regionkey)
                                                                                ->  Seq Scan on nation n  (cost=0.00..1.25 rows=25 width=8)
                                                                                ->  Hash  (cost=1.06..1.06 rows=1 width=4)
                                                                                      ->  Seq Scan on region r  (cost=0.00..1.06 rows=1 width=4)
                                                                                            Filter: (r_name = 'EUROPE'::bpchar)
                                                                    ->  Bitmap Heap Scan on supplier s  (cost=5.14..41.71 rows=364 width=8)
                                                                          Recheck Cond: (s_nationkey = n.n_nationkey)
                                                                          Filter: (s_acctbal > '0'::numeric)
                                                                          ->  Bitmap Index Scan on idx_supplier_fk_s_nationkey  (cost=0.00..5.04 rows=400 width=0)
                                                                                Index Cond: (s_nationkey = n.n_nationkey)
                                                  ->  Seq Scan on nation  (cost=0.00..1.25 rows=25 width=34)
                                            ->  Index Scan using idx_supplier_pk on supplier  (cost=0.29..0.41 rows=1 width=144)
                                                  Index Cond: (s_suppkey = s.s_suppkey)
              SubPlan 1
                ->  Aggregate  (cost=649.49..649.50 rows=1 width=32)
                      ->  Nested Loop  (cost=261.59..649.48 rows=1 width=6)
                            ->  Nested Loop  (cost=261.46..648.84 rows=1 width=10)
                                  ->  Nested Loop Semi Join  (cost=261.32..648.67 rows=1 width=10)
                                        ->  Hash Join  (cost=260.61..643.81 rows=1 width=26)
                                              Hash Cond: (supplier_1.s_suppkey = partsupp_1.ps_suppkey)
                                              ->  Hash Semi Join  (cost=252.07..621.59 rows=1822 width=12)
                                                    Hash Cond: (supplier_1.s_suppkey = s_3.s_suppkey)
                                                    ->  Seq Scan on supplier supplier_1  (cost=0.00..323.00 rows=10000 width=8)
                                                    ->  Hash  (cost=229.29..229.29 rows=1822 width=4)
                                                          ->  Nested Loop  (cost=7.62..229.29 rows=1822 width=4)
                                                                ->  HashAggregate  (cost=2.48..2.53 rows=5 width=4)
                                                                      Group Key: n_1.n_nationkey
                                                                      ->  Hash Join  (cost=1.07..2.47 rows=5 width=4)
                                                                            Hash Cond: (n_1.n_regionkey = r_1.r_regionkey)
                                                                            ->  Seq Scan on nation n_1  (cost=0.00..1.25 rows=25 width=8)
                                                                            ->  Hash  (cost=1.06..1.06 rows=1 width=4)
                                                                                  ->  Seq Scan on region r_1  (cost=0.00..1.06 rows=1 width=4)
                                                                                        Filter: (r_name = 'EUROPE'::bpchar)
                                                                ->  Bitmap Heap Scan on supplier s_3  (cost=5.14..41.71 rows=364 width=8)
                                                                      Recheck Cond: (s_nationkey = n_1.n_nationkey)
                                                                      Filter: (s_acctbal > '0'::numeric)
                                                                      ->  Bitmap Index Scan on idx_supplier_fk_s_nationkey  (cost=0.00..5.04 rows=400 width=0)
                                                                            Index Cond: (s_nationkey = n_1.n_nationkey)
                                              ->  Hash  (cost=8.50..8.50 rows=4 width=14)
                                                    ->  Index Scan using idx_partsupp_fk_ps_partkey on partsupp partsupp_1  (cost=0.42..8.50 rows=4 width=14)
                                                          Index Cond: (ps_partkey = part.p_partkey)
                                        ->  Nested Loop Semi Join  (cost=0.71..4.86 rows=1 width=12)
                                              Join Filter: (ps_1.ps_suppkey = s_2.s_suppkey)
                                              ->  Index Scan using idx_partsupp_pk on partsupp ps_1  (cost=0.42..4.44 rows=1 width=8)
                                                    Index Cond: ((ps_partkey = part.p_partkey) AND (ps_suppkey = supplier_1.s_suppkey))
                                                    Filter: (ps_availqty > 100)
                                              ->  Index Scan using idx_supplier_pk on supplier s_2  (cost=0.29..0.41 rows=1 width=4)
                                                    Index Cond: (s_suppkey = supplier_1.s_suppkey)
                                                    Filter: (s_acctbal > '0'::numeric)
                                  ->  Index Scan using idx_nation_pk on nation nation_1  (cost=0.14..0.16 rows=1 width=8)
                                        Index Cond: (n_nationkey = supplier_1.s_nationkey)
                            ->  Index Scan using idx_region_pk on region region_1  (cost=0.13..0.63 rows=1 width=4)
                                  Index Cond: (r_regionkey = nation_1.n_regionkey)
                                  Filter: (r_name = 'EUROPE'::bpchar)
b"EXPLAIN select\n        s_acctbal,\n        s_name,\n        n_name,\n        p_partkey,\n        p_mfgr,\n        s_address,\n        s_phone,\n        s_comment\nfrom\n        part,\n        supplier_view,\n        partsupp_view,\n        nation,\n        region\nwhere\n        p_partkey = ps_partkey\n        and s_suppkey = ps_suppkey\n        and p_size = 15\n        and p_type like '%BRASS'\n        and s_nationkey = n_nationkey\n        and n_regionkey = r_regionkey\n        and r_name = 'EUROPE'\n        and ps_supplycost = (\n                select\n                        min(ps_supplycost)\n                FROM partsupp_view,\n                        supplier_view,\n                        nation,\n                        region\n                where\n                        p_partkey = ps_partkey\n                        and s_suppkey = ps_suppkey\n                        and s_nationkey = n_nationkey\n                        and n_regionkey = r_regionkey\n                        and r_name = 'EUROPE'\n        )\norder by\n        s_acctbal desc,\n        n_name,\n        s_name,\n        p_partkey limit 100"

Pretty EXPLAIN output:
Limit  (cost=64056.10..64056.10 rows=1 width=192)
  ->  Sort  (cost=64056.10..64056.10 rows=1 width=192)
        Sort Key: supplier.s_acctbal DESC, nation.n_name, supplier.s_name, part.p_partkey
        ->  Merge Join  (cost=52125.29..64056.09 rows=1 width=192)
              Merge Cond: (part.p_partkey = partsupp.ps_partkey)
              Join Filter: (partsupp.ps_supplycost = (SubPlan 1))
              ->  Gather Merge  (cost=1000.44..9675.70 rows=774 width=30)
                    Workers Planned: 2
                    ->  Parallel Index Scan using idx_part_pk on part  (cost=0.42..8586.34 rows=322 width=30)
                          Filter: (((p_type)::text ~~ '%BRASS'::text) AND (p_size = 15))
              ->  Sort  (cost=51124.85..51127.88 rows=1213 width=176)
                    Sort Key: partsupp.ps_partkey
                    ->  Gather  (cost=29270.23..51062.71 rows=1213 width=176)
                          Workers Planned: 3
                          ->  Hash Join  (cost=28270.23..49941.41 rows=391 width=176)
                                Hash Cond: (s_1.s_suppkey = supplier.s_suppkey)
                                ->  Parallel Hash Semi Join  (cost=27990.63..49617.65 rows=10737 width=26)
                                      Hash Cond: ((partsupp.ps_suppkey = s_1.s_suppkey) AND (partsupp.ps_partkey = ps.ps_partkey))
                                      ->  Parallel Seq Scan on partsupp  (cost=0.00..20140.65 rows=258065 width=14)
                                      ->  Parallel Hash  (cost=24504.42..24504.42 rows=232414 width=12)
                                            ->  Hash Semi Join  (cost=461.85..24504.42 rows=232414 width=12)
                                                  Hash Cond: (ps.ps_suppkey = s_1.s_suppkey)
                                                  ->  Parallel Seq Scan on partsupp ps  (cost=0.00..20785.81 rows=255685 width=8)
                                                        Filter: (ps_availqty > 100)
                                                  ->  Hash  (cost=348.00..348.00 rows=9108 width=4)
                                                        ->  Seq Scan on supplier s_1  (cost=0.00..348.00 rows=9108 width=4)
                                                              Filter: (s_acctbal > '0'::numeric)
                                ->  Hash  (cost=275.04..275.04 rows=364 width=170)
                                      ->  Nested Loop  (cost=234.13..275.04 rows=364 width=170)
                                            Join Filter: (nation.n_nationkey = supplier.s_nationkey)
                                            ->  Nested Loop  (cost=233.85..272.91 rows=5 width=34)
                                                  Join Filter: (nation.n_regionkey = region.r_regionkey)
                                                  ->  Nested Loop  (cost=233.85..271.35 rows=1 width=8)
                                                        ->  Seq Scan on region  (cost=0.00..1.06 rows=1 width=4)
                                                              Filter: (r_name = 'EUROPE'::bpchar)
                                                        ->  HashAggregate  (cost=233.85..252.07 rows=1822 width=4)
                                                              Group Key: s.s_suppkey
                                                              ->  Nested Loop  (cost=7.62..229.29 rows=1822 width=4)
                                                                    ->  HashAggregate  (cost=2.48..2.53 rows=5 width=4)
                                                                          Group Key: n.n_nationkey
                                                                          ->  Hash Join  (cost=1.07..2.47 rows=5 width=4)
                                                                                Hash Cond: (n.n_regionkey = r.r_regionkey)
                                                                                ->  Seq Scan on nation n  (cost=0.00..1.25 rows=25 width=8)
                                                                                ->  Hash  (cost=1.06..1.06 rows=1 width=4)
                                                                                      ->  Seq Scan on region r  (cost=0.00..1.06 rows=1 width=4)
                                                                                            Filter: (r_name = 'EUROPE'::bpchar)
                                                                    ->  Bitmap Heap Scan on supplier s  (cost=5.14..41.71 rows=364 width=8)
                                                                          Recheck Cond: (s_nationkey = n.n_nationkey)
                                                                          Filter: (s_acctbal > '0'::numeric)
                                                                          ->  Bitmap Index Scan on idx_supplier_fk_s_nationkey  (cost=0.00..5.04 rows=400 width=0)
                                                                                Index Cond: (s_nationkey = n.n_nationkey)
                                                  ->  Seq Scan on nation  (cost=0.00..1.25 rows=25 width=34)
                                            ->  Index Scan using idx_supplier_pk on supplier  (cost=0.29..0.41 rows=1 width=144)
                                                  Index Cond: (s_suppkey = s.s_suppkey)
              SubPlan 1
                ->  Aggregate  (cost=649.49..649.50 rows=1 width=32)
                      ->  Nested Loop  (cost=261.59..649.48 rows=1 width=6)
                            ->  Nested Loop  (cost=261.46..648.84 rows=1 width=10)
                                  ->  Nested Loop Semi Join  (cost=261.32..648.67 rows=1 width=10)
                                        ->  Hash Join  (cost=260.61..643.81 rows=1 width=26)
                                              Hash Cond: (supplier_1.s_suppkey = partsupp_1.ps_suppkey)
                                              ->  Hash Semi Join  (cost=252.07..621.59 rows=1822 width=12)
                                                    Hash Cond: (supplier_1.s_suppkey = s_3.s_suppkey)
                                                    ->  Seq Scan on supplier supplier_1  (cost=0.00..323.00 rows=10000 width=8)
                                                    ->  Hash  (cost=229.29..229.29 rows=1822 width=4)
                                                          ->  Nested Loop  (cost=7.62..229.29 rows=1822 width=4)
                                                                ->  HashAggregate  (cost=2.48..2.53 rows=5 width=4)
                                                                      Group Key: n_1.n_nationkey
                                                                      ->  Hash Join  (cost=1.07..2.47 rows=5 width=4)
                                                                            Hash Cond: (n_1.n_regionkey = r_1.r_regionkey)
                                                                            ->  Seq Scan on nation n_1  (cost=0.00..1.25 rows=25 width=8)
                                                                            ->  Hash  (cost=1.06..1.06 rows=1 width=4)
                                                                                  ->  Seq Scan on region r_1  (cost=0.00..1.06 rows=1 width=4)
                                                                                        Filter: (r_name = 'EUROPE'::bpchar)
                                                                ->  Bitmap Heap Scan on supplier s_3  (cost=5.14..41.71 rows=364 width=8)
                                                                      Recheck Cond: (s_nationkey = n_1.n_nationkey)
                                                                      Filter: (s_acctbal > '0'::numeric)
                                                                      ->  Bitmap Index Scan on idx_supplier_fk_s_nationkey  (cost=0.00..5.04 rows=400 width=0)
                                                                            Index Cond: (s_nationkey = n_1.n_nationkey)
                                              ->  Hash  (cost=8.50..8.50 rows=4 width=14)
                                                    ->  Index Scan using idx_partsupp_fk_ps_partkey on partsupp partsupp_1  (cost=0.42..8.50 rows=4 width=14)
                                                          Index Cond: (ps_partkey = part.p_partkey)
                                        ->  Nested Loop Semi Join  (cost=0.71..4.86 rows=1 width=12)
                                              Join Filter: (ps_1.ps_suppkey = s_2.s_suppkey)
                                              ->  Index Scan using idx_partsupp_pk on partsupp ps_1  (cost=0.42..4.44 rows=1 width=8)
                                                    Index Cond: ((ps_partkey = part.p_partkey) AND (ps_suppkey = supplier_1.s_suppkey))
                                                    Filter: (ps_availqty > 100)
                                              ->  Index Scan using idx_supplier_pk on supplier s_2  (cost=0.29..0.41 rows=1 width=4)
                                                    Index Cond: (s_suppkey = supplier_1.s_suppkey)
                                                    Filter: (s_acctbal > '0'::numeric)
                                  ->  Index Scan using idx_nation_pk on nation nation_1  (cost=0.14..0.16 rows=1 width=8)
                                        Index Cond: (n_nationkey = supplier_1.s_nationkey)
                            ->  Index Scan using idx_region_pk on region region_1  (cost=0.13..0.63 rows=1 width=4)
                                  Index Cond: (r_regionkey = nation_1.n_regionkey)
                                  Filter: (r_name = 'EUROPE'::bpchar)

 select
        l_orderkey,
        sum(l_extendedprice * (1 - l_discount)) as revenue,
        o_orderdate,
        o_shippriority
FROM customer_view,
        orders,
        lineitem_view
where
        c_mktsegment = 'FURNITURE'
        and c_custkey = o_custkey
        and l_orderkey = o_orderkey
        and o_orderdate < date '1995-01-01'
        and l_shipdate > date '1995-01-01'
group by
        l_orderkey,
        o_orderdate,
        o_shippriority
order by
        revenue desc,
        o_orderdate
b"EXPLAIN select\n        l_orderkey,\n        sum(l_extendedprice * (1 - l_discount)) as revenue,\n        o_orderdate,\n        o_shippriority\nFROM customer_view,\n        orders,\n        lineitem_view\nwhere\n        c_mktsegment = 'FURNITURE'\n        and c_custkey = o_custkey\n        and l_orderkey = o_orderkey\n        and o_orderdate < date '1995-01-01'\n        and l_shipdate > date '1995-01-01'\ngroup by\n        l_orderkey,\n        o_orderdate,\n        o_shippriority\norder by\n        revenue desc,\n        o_orderdate"

Pretty EXPLAIN output:
Sort  (cost=373516.42..373632.44 rows=46408 width=44)
  Sort Key: (sum((lineitem.l_extendedprice * ('1'::numeric - lineitem.l_discount)))) DESC, orders.o_orderdate
  ->  GroupAggregate  (cost=363031.22..369919.32 rows=46408 width=44)
        Group Key: lineitem.l_orderkey, orders.o_orderdate, orders.o_shippriority
        ->  Gather Merge  (cost=363031.22..368643.10 rows=46408 width=24)
              Workers Planned: 5
              ->  Sort  (cost=362031.14..362054.35 rows=9282 width=24)
                    Sort Key: lineitem.l_orderkey, orders.o_orderdate, orders.o_shippriority
                    ->  Parallel Hash Join  (cost=225687.58..361419.45 rows=9282 width=24)
                          Hash Cond: (o.o_orderkey = orders.o_orderkey)
                          ->  Parallel Hash Semi Join  (cost=208221.14..342868.06 rows=279009 width=24)
                                Hash Cond: ((lineitem.l_orderkey = o.o_orderkey) AND (lineitem.l_linenumber = l.l_linenumber))
                                ->  Parallel Seq Scan on lineitem  (cost=0.00..127606.60 rows=689991 width=20)
                                      Filter: (l_shipdate > '1995-01-01'::date)
                                ->  Parallel Hash  (cost=200939.33..200939.33 rows=485454 width=12)
                                      ->  Parallel Hash Semi Join  (cost=59286.54..200939.33 rows=485454 width=12)
                                            Hash Cond: ((l.l_partkey = ps.ps_partkey) AND (l.l_suppkey = ps.ps_suppkey))
                                            ->  Parallel Hash Semi Join  (cost=34630.15..167787.50 rows=485454 width=20)
                                                  Hash Cond: (l.l_orderkey = o.o_orderkey)
                                                  ->  Parallel Seq Scan on lineitem l  (cost=0.00..124605.28 rows=1200528 width=16)
                                                  ->  Parallel Hash  (cost=32184.39..32184.39 rows=195661 width=4)
                                                        ->  Parallel Seq Scan on orders o  (cost=0.00..32184.39 rows=195661 width=4)
                                                              Filter: (o_orderpriority = ANY ('{1-URGENT,2-HIGH}'::bpchar[]))
                                            ->  Parallel Hash  (cost=20785.81..20785.81 rows=258039 width=8)
                                                  ->  Parallel Seq Scan on partsupp ps  (cost=0.00..20785.81 rows=258039 width=8)
                                                        Filter: (ps_availqty > 0)
                          ->  Parallel Hash  (cost=17206.55..17206.55 rows=20791 width=12)
                                ->  Nested Loop  (cost=5070.40..17206.55 rows=20791 width=12)
                                      Join Filter: (orders.o_custkey = customer.c_custkey)
                                      ->  Parallel Hash Semi Join  (cost=5069.98..9535.00 rows=4568 width=8)
                                            Hash Cond: (customer.c_custkey = c.c_custkey)
                                            ->  Parallel Seq Scan on customer  (cost=0.00..4381.25 rows=12560 width=4)
                                                  Filter: (c_mktsegment = 'FURNITURE'::bpchar)
                                            ->  Parallel Hash  (cost=4785.89..4785.89 rows=22727 width=4)
                                                  ->  Hash Semi Join  (cost=2.66..4785.89 rows=22727 width=4)
                                                        Hash Cond: (c.c_nationkey = n.n_nationkey)
                                                        ->  Parallel Seq Scan on customer c  (cost=0.00..4381.25 rows=56817 width=8)
                                                              Filter: (c_acctbal > '0'::numeric)
                                                        ->  Hash  (cost=2.53..2.53 rows=10 width=4)
                                                              ->  Hash Join  (cost=1.09..2.53 rows=10 width=4)
                                                                    Hash Cond: (n.n_regionkey = r.r_regionkey)
                                                                    ->  Seq Scan on nation n  (cost=0.00..1.25 rows=25 width=8)
                                                                    ->  Hash  (cost=1.06..1.06 rows=2 width=4)
                                                                          ->  Seq Scan on region r  (cost=0.00..1.06 rows=2 width=4)
                                                                                Filter: (r_name = ANY ('{EUROPE,AMERICA}'::bpchar[]))
                                      ->  Index Scan using idx_orders_fk_o_custkey on orders  (cost=0.43..1.58 rows=8 width=16)
                                            Index Cond: (o_custkey = c.c_custkey)
                                            Filter: (o_orderdate < '1995-01-01'::date)
JIT:
  Functions: 83
  Options: Inlining false, Optimization false, Expressions true, Deforming true
b"EXPLAIN select\n        l_orderkey,\n        sum(l_extendedprice * (1 - l_discount)) as revenue,\n        o_orderdate,\n        o_shippriority\nFROM customer_view,\n        orders,\n        lineitem_view\nwhere\n        c_mktsegment = 'FURNITURE'\n        and c_custkey = o_custkey\n        and l_orderkey = o_orderkey\n        and o_orderdate < date '1995-01-01'\n        and l_shipdate > date '1995-01-01'\ngroup by\n        l_orderkey,\n        o_orderdate,\n        o_shippriority\norder by\n        revenue desc,\n        o_orderdate"

Pretty EXPLAIN output:
Sort  (cost=373516.42..373632.44 rows=46408 width=44)
  Sort Key: (sum((lineitem.l_extendedprice * ('1'::numeric - lineitem.l_discount)))) DESC, orders.o_orderdate
  ->  GroupAggregate  (cost=363031.22..369919.32 rows=46408 width=44)
        Group Key: lineitem.l_orderkey, orders.o_orderdate, orders.o_shippriority
        ->  Gather Merge  (cost=363031.22..368643.10 rows=46408 width=24)
              Workers Planned: 5
              ->  Sort  (cost=362031.14..362054.35 rows=9282 width=24)
                    Sort Key: lineitem.l_orderkey, orders.o_orderdate, orders.o_shippriority
                    ->  Parallel Hash Join  (cost=225687.58..361419.45 rows=9282 width=24)
                          Hash Cond: (o.o_orderkey = orders.o_orderkey)
                          ->  Parallel Hash Semi Join  (cost=208221.14..342868.06 rows=279009 width=24)
                                Hash Cond: ((lineitem.l_orderkey = o.o_orderkey) AND (lineitem.l_linenumber = l.l_linenumber))
                                ->  Parallel Seq Scan on lineitem  (cost=0.00..127606.60 rows=689991 width=20)
                                      Filter: (l_shipdate > '1995-01-01'::date)
                                ->  Parallel Hash  (cost=200939.33..200939.33 rows=485454 width=12)
                                      ->  Parallel Hash Semi Join  (cost=59286.54..200939.33 rows=485454 width=12)
                                            Hash Cond: ((l.l_partkey = ps.ps_partkey) AND (l.l_suppkey = ps.ps_suppkey))
                                            ->  Parallel Hash Semi Join  (cost=34630.15..167787.50 rows=485454 width=20)
                                                  Hash Cond: (l.l_orderkey = o.o_orderkey)
                                                  ->  Parallel Seq Scan on lineitem l  (cost=0.00..124605.28 rows=1200528 width=16)
                                                  ->  Parallel Hash  (cost=32184.39..32184.39 rows=195661 width=4)
                                                        ->  Parallel Seq Scan on orders o  (cost=0.00..32184.39 rows=195661 width=4)
                                                              Filter: (o_orderpriority = ANY ('{1-URGENT,2-HIGH}'::bpchar[]))
                                            ->  Parallel Hash  (cost=20785.81..20785.81 rows=258039 width=8)
                                                  ->  Parallel Seq Scan on partsupp ps  (cost=0.00..20785.81 rows=258039 width=8)
                                                        Filter: (ps_availqty > 0)
                          ->  Parallel Hash  (cost=17206.55..17206.55 rows=20791 width=12)
                                ->  Nested Loop  (cost=5070.40..17206.55 rows=20791 width=12)
                                      Join Filter: (orders.o_custkey = customer.c_custkey)
                                      ->  Parallel Hash Semi Join  (cost=5069.98..9535.00 rows=4568 width=8)
                                            Hash Cond: (customer.c_custkey = c.c_custkey)
                                            ->  Parallel Seq Scan on customer  (cost=0.00..4381.25 rows=12560 width=4)
                                                  Filter: (c_mktsegment = 'FURNITURE'::bpchar)
                                            ->  Parallel Hash  (cost=4785.89..4785.89 rows=22727 width=4)
                                                  ->  Hash Semi Join  (cost=2.66..4785.89 rows=22727 width=4)
                                                        Hash Cond: (c.c_nationkey = n.n_nationkey)
                                                        ->  Parallel Seq Scan on customer c  (cost=0.00..4381.25 rows=56817 width=8)
                                                              Filter: (c_acctbal > '0'::numeric)
                                                        ->  Hash  (cost=2.53..2.53 rows=10 width=4)
                                                              ->  Hash Join  (cost=1.09..2.53 rows=10 width=4)
                                                                    Hash Cond: (n.n_regionkey = r.r_regionkey)
                                                                    ->  Seq Scan on nation n  (cost=0.00..1.25 rows=25 width=8)
                                                                    ->  Hash  (cost=1.06..1.06 rows=2 width=4)
                                                                          ->  Seq Scan on region r  (cost=0.00..1.06 rows=2 width=4)
                                                                                Filter: (r_name = ANY ('{EUROPE,AMERICA}'::bpchar[]))
                                      ->  Index Scan using idx_orders_fk_o_custkey on orders  (cost=0.43..1.58 rows=8 width=16)
                                            Index Cond: (o_custkey = c.c_custkey)
                                            Filter: (o_orderdate < '1995-01-01'::date)
JIT:
  Functions: 83
  Options: Inlining false, Optimization false, Expressions true, Deforming true

 select
        o_orderpriority,
        count(*) as order_count
from
        orders
where
        o_orderdate >= date '1994-01-01'
        and o_orderdate < date '1994-01-01' + interval '3' month
        and exists (
                select
                        *
                FROM lineitem_view
                where
                        l_orderkey = o_orderkey
                        and l_commitdate < l_receiptdate
        )
group by
        o_orderpriority
order by
        o_orderpriority
b"EXPLAIN select\n        o_orderpriority,\n        count(*) as order_count\nfrom\n        orders\nwhere\n        o_orderdate >= date '1994-01-01'\n        and o_orderdate < date '1994-01-01' + interval '3' month\n        and exists (\n                select\n                        *\n                FROM lineitem_view\n                where\n                        l_orderkey = o_orderkey\n                        and l_commitdate < l_receiptdate\n        )\ngroup by\n        o_orderpriority\norder by\n        o_orderpriority"

Pretty EXPLAIN output:
Finalize GroupAggregate  (cost=118025.84..118083.98 rows=5 width=24)
  Group Key: orders.o_orderpriority
  ->  Gather Merge  (cost=118025.84..118083.85 rows=16 width=24)
        Workers Planned: 3
        ->  Partial GroupAggregate  (cost=117025.80..117081.93 rows=5 width=24)
              Group Key: orders.o_orderpriority
              ->  Sort  (cost=117025.80..117044.49 rows=7478 width=16)
                    Sort Key: orders.o_orderpriority
                    ->  Nested Loop Semi Join  (cost=8.09..116544.65 rows=7478 width=16)
                          ->  Parallel Seq Scan on orders  (cost=0.00..33394.06 rows=18494 width=20)
                                Filter: ((o_orderdate >= '1994-01-01'::date) AND (o_orderdate < '1994-04-01 00:00:00'::timestamp without time zone))
                          ->  Hash Right Semi Join  (cost=8.09..12.85 rows=1 width=12)
                                Hash Cond: ((o.o_orderkey = lineitem.l_orderkey) AND (l.l_linenumber = lineitem.l_linenumber))
                                ->  Nested Loop Semi Join  (cost=3.43..8.16 rows=2 width=12)
                                      ->  Hash Semi Join  (cost=3.00..7.22 rows=2 width=20)
                                            Hash Cond: (l.l_orderkey = o.o_orderkey)
                                            ->  Index Scan using idx_lineitem_fk_l_orderkey on lineitem l  (cost=0.43..4.55 rows=15 width=16)
                                                  Index Cond: (l_orderkey = orders.o_orderkey)
                                            ->  Hash  (cost=2.56..2.56 rows=1 width=4)
                                                  ->  Index Scan using idx_orders_pk on orders o  (cost=0.43..2.56 rows=1 width=4)
                                                        Index Cond: (o_orderkey = orders.o_orderkey)
                                                        Filter: (o_orderpriority = ANY ('{1-URGENT,2-HIGH}'::bpchar[]))
                                      ->  Index Scan using idx_partsupp_pk on partsupp ps  (cost=0.42..0.46 rows=1 width=8)
                                            Index Cond: ((ps_partkey = l.l_partkey) AND (ps_suppkey = l.l_suppkey))
                                            Filter: (ps_availqty > 0)
                                ->  Hash  (cost=4.58..4.58 rows=5 width=8)
                                      ->  Index Scan using idx_lineitem_fk_l_orderkey on lineitem  (cost=0.43..4.58 rows=5 width=8)
                                            Index Cond: (l_orderkey = orders.o_orderkey)
                                            Filter: (l_commitdate < l_receiptdate)
JIT:
  Functions: 45
  Options: Inlining false, Optimization false, Expressions true, Deforming true
b"EXPLAIN select\n        o_orderpriority,\n        count(*) as order_count\nfrom\n        orders\nwhere\n        o_orderdate >= date '1994-01-01'\n        and o_orderdate < date '1994-01-01' + interval '3' month\n        and exists (\n                select\n                        *\n                FROM lineitem_view\n                where\n                        l_orderkey = o_orderkey\n                        and l_commitdate < l_receiptdate\n        )\ngroup by\n        o_orderpriority\norder by\n        o_orderpriority"

Pretty EXPLAIN output:
Finalize GroupAggregate  (cost=118025.84..118083.98 rows=5 width=24)
  Group Key: orders.o_orderpriority
  ->  Gather Merge  (cost=118025.84..118083.85 rows=16 width=24)
        Workers Planned: 3
        ->  Partial GroupAggregate  (cost=117025.80..117081.93 rows=5 width=24)
              Group Key: orders.o_orderpriority
              ->  Sort  (cost=117025.80..117044.49 rows=7478 width=16)
                    Sort Key: orders.o_orderpriority
                    ->  Nested Loop Semi Join  (cost=8.09..116544.65 rows=7478 width=16)
                          ->  Parallel Seq Scan on orders  (cost=0.00..33394.06 rows=18494 width=20)
                                Filter: ((o_orderdate >= '1994-01-01'::date) AND (o_orderdate < '1994-04-01 00:00:00'::timestamp without time zone))
                          ->  Hash Right Semi Join  (cost=8.09..12.85 rows=1 width=12)
                                Hash Cond: ((o.o_orderkey = lineitem.l_orderkey) AND (l.l_linenumber = lineitem.l_linenumber))
                                ->  Nested Loop Semi Join  (cost=3.43..8.16 rows=2 width=12)
                                      ->  Hash Semi Join  (cost=3.00..7.22 rows=2 width=20)
                                            Hash Cond: (l.l_orderkey = o.o_orderkey)
                                            ->  Index Scan using idx_lineitem_fk_l_orderkey on lineitem l  (cost=0.43..4.55 rows=15 width=16)
                                                  Index Cond: (l_orderkey = orders.o_orderkey)
                                            ->  Hash  (cost=2.56..2.56 rows=1 width=4)
                                                  ->  Index Scan using idx_orders_pk on orders o  (cost=0.43..2.56 rows=1 width=4)
                                                        Index Cond: (o_orderkey = orders.o_orderkey)
                                                        Filter: (o_orderpriority = ANY ('{1-URGENT,2-HIGH}'::bpchar[]))
                                      ->  Index Scan using idx_partsupp_pk on partsupp ps  (cost=0.42..0.46 rows=1 width=8)
                                            Index Cond: ((ps_partkey = l.l_partkey) AND (ps_suppkey = l.l_suppkey))
                                            Filter: (ps_availqty > 0)
                                ->  Hash  (cost=4.58..4.58 rows=5 width=8)
                                      ->  Index Scan using idx_lineitem_fk_l_orderkey on lineitem  (cost=0.43..4.58 rows=5 width=8)
                                            Index Cond: (l_orderkey = orders.o_orderkey)
                                            Filter: (l_commitdate < l_receiptdate)
JIT:
  Functions: 45
  Options: Inlining false, Optimization false, Expressions true, Deforming true

 select
        n_name,
        sum(l_extendedprice * (1 - l_discount)) as revenue
FROM customer_view,
        orders,
        lineitem_view,
        supplier_view,
        nation,
        region
where
        c_custkey = o_custkey
        and l_orderkey = o_orderkey
        and l_suppkey = s_suppkey
        and c_nationkey = s_nationkey
        and s_nationkey = n_nationkey
        and n_regionkey = r_regionkey
        and r_name = 'ASIA'
        and o_orderdate >= date '1995-01-01'
        and o_orderdate < date '1995-01-01' + interval '1' year
group by
        n_name
order by
        revenue desc
b"EXPLAIN select\n        n_name,\n        sum(l_extendedprice * (1 - l_discount)) as revenue\nFROM customer_view,\n        orders,\n        lineitem_view,\n        supplier_view,\n        nation,\n        region\nwhere\n        c_custkey = o_custkey\n        and l_orderkey = o_orderkey\n        and l_suppkey = s_suppkey\n        and c_nationkey = s_nationkey\n        and s_nationkey = n_nationkey\n        and n_regionkey = r_regionkey\n        and r_name = 'ASIA'\n        and o_orderdate >= date '1995-01-01'\n        and o_orderdate < date '1995-01-01' + interval '1' year\ngroup by\n        n_name\norder by\n        revenue desc"

Pretty EXPLAIN output:
Sort  (cost=365728.04..365728.11 rows=25 width=58)
  Sort Key: (sum((lineitem.l_extendedprice * ('1'::numeric - lineitem.l_discount)))) DESC
  ->  Finalize GroupAggregate  (cost=365710.37..365727.46 rows=25 width=58)
        Group Key: nation.n_name
        ->  Gather Merge  (cost=365710.37..365726.21 rows=125 width=58)
              Workers Planned: 5
              ->  Partial GroupAggregate  (cost=364710.29..364711.08 rows=25 width=58)
                    Group Key: nation.n_name
                    ->  Sort  (cost=364710.29..364710.39 rows=38 width=38)
                          Sort Key: nation.n_name
                          ->  Hash Join  (cost=225972.20..364709.30 rows=38 width=38)
                                Hash Cond: ((lineitem.l_suppkey = supplier.s_suppkey) AND (customer.c_nationkey = supplier.s_nationkey))
                                ->  Parallel Hash Join  (cost=225323.29..364020.54 rows=5262 width=50)
                                      Hash Cond: (o.o_orderkey = orders.o_orderkey)
                                      ->  Parallel Hash Semi Join  (cost=208221.14..345076.01 rows=485454 width=28)
                                            Hash Cond: ((lineitem.l_orderkey = o.o_orderkey) AND (lineitem.l_linenumber = l.l_linenumber))
                                            ->  Parallel Seq Scan on lineitem  (cost=0.00..124605.28 rows=1200528 width=24)
                                            ->  Parallel Hash  (cost=200939.33..200939.33 rows=485454 width=12)
                                                  ->  Parallel Hash Semi Join  (cost=59286.54..200939.33 rows=485454 width=12)
                                                        Hash Cond: ((l.l_partkey = ps.ps_partkey) AND (l.l_suppkey = ps.ps_suppkey))
                                                        ->  Parallel Hash Semi Join  (cost=34630.15..167787.50 rows=485454 width=20)
                                                              Hash Cond: (l.l_orderkey = o.o_orderkey)
                                                              ->  Parallel Seq Scan on lineitem l  (cost=0.00..124605.28 rows=1200528 width=16)
                                                              ->  Parallel Hash  (cost=32184.39..32184.39 rows=195661 width=4)
                                                                    ->  Parallel Seq Scan on orders o  (cost=0.00..32184.39 rows=195661 width=4)
                                                                          Filter: (o_orderpriority = ANY ('{1-URGENT,2-HIGH}'::bpchar[]))
                                                        ->  Parallel Hash  (cost=20785.81..20785.81 rows=258039 width=8)
                                                              ->  Parallel Seq Scan on partsupp ps  (cost=0.00..20785.81 rows=258039 width=8)
                                                                    Filter: (ps_availqty > 0)
                                      ->  Parallel Hash  (cost=17017.46..17017.46 rows=6775 width=38)
                                            ->  Nested Loop  (cost=5072.93..17017.46 rows=6775 width=38)
                                                  ->  Hash Join  (cost=5072.51..9845.08 rows=4545 width=42)
                                                        Hash Cond: (customer.c_nationkey = nation.n_nationkey)
                                                        ->  Parallel Hash Semi Join  (cost=5069.98..9711.88 rows=22727 width=12)
                                                              Hash Cond: (customer.c_custkey = c.c_custkey)
                                                              ->  Parallel Seq Scan on customer  (cost=0.00..4225.00 rows=62500 width=8)
                                                              ->  Parallel Hash  (cost=4785.89..4785.89 rows=22727 width=4)
                                                                    ->  Hash Semi Join  (cost=2.66..4785.89 rows=22727 width=4)
                                                                          Hash Cond: (c.c_nationkey = n.n_nationkey)
                                                                          ->  Parallel Seq Scan on customer c  (cost=0.00..4381.25 rows=56817 width=8)
                                                                                Filter: (c_acctbal > '0'::numeric)
                                                                          ->  Hash  (cost=2.53..2.53 rows=10 width=4)
                                                                                ->  Hash Join  (cost=1.09..2.53 rows=10 width=4)
                                                                                      Hash Cond: (n.n_regionkey = r.r_regionkey)
                                                                                      ->  Seq Scan on nation n  (cost=0.00..1.25 rows=25 width=8)
                                                                                      ->  Hash  (cost=1.06..1.06 rows=2 width=4)
                                                                                            ->  Seq Scan on region r  (cost=0.00..1.06 rows=2 width=4)
                                                                                                  Filter: (r_name = ANY ('{EUROPE,AMERICA}'::bpchar[]))
                                                        ->  Hash  (cost=2.47..2.47 rows=5 width=30)
                                                              ->  Hash Join  (cost=1.07..2.47 rows=5 width=30)
                                                                    Hash Cond: (nation.n_regionkey = region.r_regionkey)
                                                                    ->  Seq Scan on nation  (cost=0.00..1.25 rows=25 width=34)
                                                                    ->  Hash  (cost=1.06..1.06 rows=1 width=4)
                                                                          ->  Seq Scan on region  (cost=0.00..1.06 rows=1 width=4)
                                                                                Filter: (r_name = 'ASIA'::bpchar)
                                                  ->  Index Scan using idx_orders_fk_o_custkey on orders  (cost=0.43..1.55 rows=3 width=8)
                                                        Index Cond: (o_custkey = customer.c_custkey)
                                                        Filter: ((o_orderdate >= '1995-01-01'::date) AND (o_orderdate < '1996-01-01 00:00:00'::timestamp without time zone))
                                ->  Hash  (cost=621.59..621.59 rows=1822 width=12)
                                      ->  Hash Semi Join  (cost=252.07..621.59 rows=1822 width=12)
                                            Hash Cond: (supplier.s_suppkey = s.s_suppkey)
                                            ->  Seq Scan on supplier  (cost=0.00..323.00 rows=10000 width=8)
                                            ->  Hash  (cost=229.29..229.29 rows=1822 width=4)
                                                  ->  Nested Loop  (cost=7.62..229.29 rows=1822 width=4)
                                                        ->  HashAggregate  (cost=2.48..2.53 rows=5 width=4)
                                                              Group Key: n_1.n_nationkey
                                                              ->  Hash Join  (cost=1.07..2.47 rows=5 width=4)
                                                                    Hash Cond: (n_1.n_regionkey = r_1.r_regionkey)
                                                                    ->  Seq Scan on nation n_1  (cost=0.00..1.25 rows=25 width=8)
                                                                    ->  Hash  (cost=1.06..1.06 rows=1 width=4)
                                                                          ->  Seq Scan on region r_1  (cost=0.00..1.06 rows=1 width=4)
                                                                                Filter: (r_name = 'EUROPE'::bpchar)
                                                        ->  Bitmap Heap Scan on supplier s  (cost=5.14..41.71 rows=364 width=8)
                                                              Recheck Cond: (s_nationkey = n_1.n_nationkey)
                                                              Filter: (s_acctbal > '0'::numeric)
                                                              ->  Bitmap Index Scan on idx_supplier_fk_s_nationkey  (cost=0.00..5.04 rows=400 width=0)
                                                                    Index Cond: (s_nationkey = n_1.n_nationkey)
JIT:
  Functions: 134
  Options: Inlining false, Optimization false, Expressions true, Deforming true
b"EXPLAIN select\n        n_name,\n        sum(l_extendedprice * (1 - l_discount)) as revenue\nFROM customer_view,\n        orders,\n        lineitem_view,\n        supplier_view,\n        nation,\n        region\nwhere\n        c_custkey = o_custkey\n        and l_orderkey = o_orderkey\n        and l_suppkey = s_suppkey\n        and c_nationkey = s_nationkey\n        and s_nationkey = n_nationkey\n        and n_regionkey = r_regionkey\n        and r_name = 'ASIA'\n        and o_orderdate >= date '1995-01-01'\n        and o_orderdate < date '1995-01-01' + interval '1' year\ngroup by\n        n_name\norder by\n        revenue desc"

Pretty EXPLAIN output:
Sort  (cost=365728.04..365728.11 rows=25 width=58)
  Sort Key: (sum((lineitem.l_extendedprice * ('1'::numeric - lineitem.l_discount)))) DESC
  ->  Finalize GroupAggregate  (cost=365710.37..365727.46 rows=25 width=58)
        Group Key: nation.n_name
        ->  Gather Merge  (cost=365710.37..365726.21 rows=125 width=58)
              Workers Planned: 5
              ->  Partial GroupAggregate  (cost=364710.29..364711.08 rows=25 width=58)
                    Group Key: nation.n_name
                    ->  Sort  (cost=364710.29..364710.39 rows=38 width=38)
                          Sort Key: nation.n_name
                          ->  Hash Join  (cost=225972.20..364709.30 rows=38 width=38)
                                Hash Cond: ((lineitem.l_suppkey = supplier.s_suppkey) AND (customer.c_nationkey = supplier.s_nationkey))
                                ->  Parallel Hash Join  (cost=225323.29..364020.54 rows=5262 width=50)
                                      Hash Cond: (o.o_orderkey = orders.o_orderkey)
                                      ->  Parallel Hash Semi Join  (cost=208221.14..345076.01 rows=485454 width=28)
                                            Hash Cond: ((lineitem.l_orderkey = o.o_orderkey) AND (lineitem.l_linenumber = l.l_linenumber))
                                            ->  Parallel Seq Scan on lineitem  (cost=0.00..124605.28 rows=1200528 width=24)
                                            ->  Parallel Hash  (cost=200939.33..200939.33 rows=485454 width=12)
                                                  ->  Parallel Hash Semi Join  (cost=59286.54..200939.33 rows=485454 width=12)
                                                        Hash Cond: ((l.l_partkey = ps.ps_partkey) AND (l.l_suppkey = ps.ps_suppkey))
                                                        ->  Parallel Hash Semi Join  (cost=34630.15..167787.50 rows=485454 width=20)
                                                              Hash Cond: (l.l_orderkey = o.o_orderkey)
                                                              ->  Parallel Seq Scan on lineitem l  (cost=0.00..124605.28 rows=1200528 width=16)
                                                              ->  Parallel Hash  (cost=32184.39..32184.39 rows=195661 width=4)
                                                                    ->  Parallel Seq Scan on orders o  (cost=0.00..32184.39 rows=195661 width=4)
                                                                          Filter: (o_orderpriority = ANY ('{1-URGENT,2-HIGH}'::bpchar[]))
                                                        ->  Parallel Hash  (cost=20785.81..20785.81 rows=258039 width=8)
                                                              ->  Parallel Seq Scan on partsupp ps  (cost=0.00..20785.81 rows=258039 width=8)
                                                                    Filter: (ps_availqty > 0)
                                      ->  Parallel Hash  (cost=17017.46..17017.46 rows=6775 width=38)
                                            ->  Nested Loop  (cost=5072.93..17017.46 rows=6775 width=38)
                                                  ->  Hash Join  (cost=5072.51..9845.08 rows=4545 width=42)
                                                        Hash Cond: (customer.c_nationkey = nation.n_nationkey)
                                                        ->  Parallel Hash Semi Join  (cost=5069.98..9711.88 rows=22727 width=12)
                                                              Hash Cond: (customer.c_custkey = c.c_custkey)
                                                              ->  Parallel Seq Scan on customer  (cost=0.00..4225.00 rows=62500 width=8)
                                                              ->  Parallel Hash  (cost=4785.89..4785.89 rows=22727 width=4)
                                                                    ->  Hash Semi Join  (cost=2.66..4785.89 rows=22727 width=4)
                                                                          Hash Cond: (c.c_nationkey = n.n_nationkey)
                                                                          ->  Parallel Seq Scan on customer c  (cost=0.00..4381.25 rows=56817 width=8)
                                                                                Filter: (c_acctbal > '0'::numeric)
                                                                          ->  Hash  (cost=2.53..2.53 rows=10 width=4)
                                                                                ->  Hash Join  (cost=1.09..2.53 rows=10 width=4)
                                                                                      Hash Cond: (n.n_regionkey = r.r_regionkey)
                                                                                      ->  Seq Scan on nation n  (cost=0.00..1.25 rows=25 width=8)
                                                                                      ->  Hash  (cost=1.06..1.06 rows=2 width=4)
                                                                                            ->  Seq Scan on region r  (cost=0.00..1.06 rows=2 width=4)
                                                                                                  Filter: (r_name = ANY ('{EUROPE,AMERICA}'::bpchar[]))
                                                        ->  Hash  (cost=2.47..2.47 rows=5 width=30)
                                                              ->  Hash Join  (cost=1.07..2.47 rows=5 width=30)
                                                                    Hash Cond: (nation.n_regionkey = region.r_regionkey)
                                                                    ->  Seq Scan on nation  (cost=0.00..1.25 rows=25 width=34)
                                                                    ->  Hash  (cost=1.06..1.06 rows=1 width=4)
                                                                          ->  Seq Scan on region  (cost=0.00..1.06 rows=1 width=4)
                                                                                Filter: (r_name = 'ASIA'::bpchar)
                                                  ->  Index Scan using idx_orders_fk_o_custkey on orders  (cost=0.43..1.55 rows=3 width=8)
                                                        Index Cond: (o_custkey = customer.c_custkey)
                                                        Filter: ((o_orderdate >= '1995-01-01'::date) AND (o_orderdate < '1996-01-01 00:00:00'::timestamp without time zone))
                                ->  Hash  (cost=621.59..621.59 rows=1822 width=12)
                                      ->  Hash Semi Join  (cost=252.07..621.59 rows=1822 width=12)
                                            Hash Cond: (supplier.s_suppkey = s.s_suppkey)
                                            ->  Seq Scan on supplier  (cost=0.00..323.00 rows=10000 width=8)
                                            ->  Hash  (cost=229.29..229.29 rows=1822 width=4)
                                                  ->  Nested Loop  (cost=7.62..229.29 rows=1822 width=4)
                                                        ->  HashAggregate  (cost=2.48..2.53 rows=5 width=4)
                                                              Group Key: n_1.n_nationkey
                                                              ->  Hash Join  (cost=1.07..2.47 rows=5 width=4)
                                                                    Hash Cond: (n_1.n_regionkey = r_1.r_regionkey)
                                                                    ->  Seq Scan on nation n_1  (cost=0.00..1.25 rows=25 width=8)
                                                                    ->  Hash  (cost=1.06..1.06 rows=1 width=4)
                                                                          ->  Seq Scan on region r_1  (cost=0.00..1.06 rows=1 width=4)
                                                                                Filter: (r_name = 'EUROPE'::bpchar)
                                                        ->  Bitmap Heap Scan on supplier s  (cost=5.14..41.71 rows=364 width=8)
                                                              Recheck Cond: (s_nationkey = n_1.n_nationkey)
                                                              Filter: (s_acctbal > '0'::numeric)
                                                              ->  Bitmap Index Scan on idx_supplier_fk_s_nationkey  (cost=0.00..5.04 rows=400 width=0)
                                                                    Index Cond: (s_nationkey = n_1.n_nationkey)
JIT:
  Functions: 134
  Options: Inlining false, Optimization false, Expressions true, Deforming true

 select
        sum(l_extendedprice * l_discount) as revenue
FROM lineitem_view
where
        l_shipdate >= date '1993-01-01'
        and l_shipdate < date '1994-03-01' + interval '1' year
        and l_discount between 0.06 - 0.01 and 0.06 + 0.01
        and l_quantity < 10
b"EXPLAIN select\n        sum(l_extendedprice * l_discount) as revenue\nFROM lineitem_view\nwhere\n        l_shipdate >= date '1993-01-01'\n        and l_shipdate < date '1994-03-01' + interval '1' year\n        and l_discount between 0.06 - 0.01 and 0.06 + 0.01\n        and l_quantity < 10"

Pretty EXPLAIN output:
Finalize Aggregate  (cost=241292.40..241292.41 rows=1 width=32)
  ->  Gather  (cost=241291.86..241292.37 rows=5 width=32)
        Workers Planned: 5
        ->  Partial Aggregate  (cost=240291.86..240291.87 rows=1 width=32)
              ->  Nested Loop Semi Join  (cost=1.28..240254.27 rows=7517 width=12)
                    ->  Parallel Seq Scan on lineitem  (cost=0.00..139611.89 rows=18589 width=20)
                          Filter: ((l_shipdate >= '1993-01-01'::date) AND (l_shipdate < '1995-03-01 00:00:00'::timestamp without time zone) AND (l_discount >= 0.05) AND (l_discount <= 0.07) AND (l_quantity < '10'::numeric))
                    ->  Nested Loop Semi Join  (cost=1.28..5.40 rows=1 width=12)
                          ->  Nested Loop Semi Join  (cost=0.86..4.93 rows=1 width=20)
                                Join Filter: (lineitem.l_orderkey = o.o_orderkey)
                                ->  Index Scan using idx_lineitem_fk_l_orderkey on lineitem l  (cost=0.43..3.97 rows=2 width=16)
                                      Index Cond: (l_orderkey = lineitem.l_orderkey)
                                      Filter: (l_linenumber = lineitem.l_linenumber)
                                ->  Index Scan using idx_orders_pk on orders o  (cost=0.43..0.47 rows=1 width=4)
                                      Index Cond: (o_orderkey = l.l_orderkey)
                                      Filter: (o_orderpriority = ANY ('{1-URGENT,2-HIGH}'::bpchar[]))
                          ->  Index Scan using idx_partsupp_pk on partsupp ps  (cost=0.42..0.46 rows=1 width=8)
                                Index Cond: ((ps_partkey = l.l_partkey) AND (ps_suppkey = l.l_suppkey))
                                Filter: (ps_availqty > 0)
JIT:
  Functions: 26
  Options: Inlining false, Optimization false, Expressions true, Deforming true
b"EXPLAIN select\n        sum(l_extendedprice * l_discount) as revenue\nFROM lineitem_view\nwhere\n        l_shipdate >= date '1993-01-01'\n        and l_shipdate < date '1994-03-01' + interval '1' year\n        and l_discount between 0.06 - 0.01 and 0.06 + 0.01\n        and l_quantity < 10"

Pretty EXPLAIN output:
Finalize Aggregate  (cost=241292.40..241292.41 rows=1 width=32)
  ->  Gather  (cost=241291.86..241292.37 rows=5 width=32)
        Workers Planned: 5
        ->  Partial Aggregate  (cost=240291.86..240291.87 rows=1 width=32)
              ->  Nested Loop Semi Join  (cost=1.28..240254.27 rows=7517 width=12)
                    ->  Parallel Seq Scan on lineitem  (cost=0.00..139611.89 rows=18589 width=20)
                          Filter: ((l_shipdate >= '1993-01-01'::date) AND (l_shipdate < '1995-03-01 00:00:00'::timestamp without time zone) AND (l_discount >= 0.05) AND (l_discount <= 0.07) AND (l_quantity < '10'::numeric))
                    ->  Nested Loop Semi Join  (cost=1.28..5.40 rows=1 width=12)
                          ->  Nested Loop Semi Join  (cost=0.86..4.93 rows=1 width=20)
                                Join Filter: (lineitem.l_orderkey = o.o_orderkey)
                                ->  Index Scan using idx_lineitem_fk_l_orderkey on lineitem l  (cost=0.43..3.97 rows=2 width=16)
                                      Index Cond: (l_orderkey = lineitem.l_orderkey)
                                      Filter: (l_linenumber = lineitem.l_linenumber)
                                ->  Index Scan using idx_orders_pk on orders o  (cost=0.43..0.47 rows=1 width=4)
                                      Index Cond: (o_orderkey = l.l_orderkey)
                                      Filter: (o_orderpriority = ANY ('{1-URGENT,2-HIGH}'::bpchar[]))
                          ->  Index Scan using idx_partsupp_pk on partsupp ps  (cost=0.42..0.46 rows=1 width=8)
                                Index Cond: ((ps_partkey = l.l_partkey) AND (ps_suppkey = l.l_suppkey))
                                Filter: (ps_availqty > 0)
JIT:
  Functions: 26
  Options: Inlining false, Optimization false, Expressions true, Deforming true

 select
        supp_nation,
        cust_nation,
        l_year,
        sum(volume) as revenue
from
        (
                select
                        n1.n_name as supp_nation,
                        n2.n_name as cust_nation,
                        extract(year from l_shipdate) as l_year,
                        l_extendedprice * (1 - l_discount) as volume
                FROM supplier_view,
                        lineitem_view,
                        orders,
                        customer_view,
                        nation n1,
                        nation n2
                where
                        s_suppkey = l_suppkey
                        and o_orderkey = l_orderkey
                        and c_custkey = o_custkey
                        and s_nationkey = n1.n_nationkey
                        and c_nationkey = n2.n_nationkey
                        and (
                                (n1.n_name = 'GERMANY' and n2.n_name = 'FRANCE')
                                or (n1.n_name = 'FRANCE' and n2.n_name = 'GERMANY')
                        )
                        and l_shipdate between date '1995-01-01' and date '1996-12-31'
        ) as shipping
group by
        supp_nation,
        cust_nation,
        l_year
order by
        supp_nation,
        cust_nation,
        l_year
b"EXPLAIN select\n        supp_nation,\n        cust_nation,\n        l_year,\n        sum(volume) as revenue\nfrom\n        (\n                select\n                        n1.n_name as supp_nation,\n                        n2.n_name as cust_nation,\n                        extract(year from l_shipdate) as l_year,\n                        l_extendedprice * (1 - l_discount) as volume\n                FROM supplier_view,\n                        lineitem_view,\n                        orders,\n                        customer_view,\n                        nation n1,\n                        nation n2\n                where\n                        s_suppkey = l_suppkey\n                        and o_orderkey = l_orderkey\n                        and c_custkey = o_custkey\n                        and s_nationkey = n1.n_nationkey\n                        and c_nationkey = n2.n_nationkey\n                        and (\n                                (n1.n_name = 'GERMANY' and n2.n_name = 'FRANCE')\n                                or (n1.n_name = 'FRANCE' and n2.n_name = 'GERMANY')\n                        )\n                        and l_shipdate between date '1995-01-01' and date '1996-12-31'\n        ) as shipping\ngroup by\n        supp_nation,\n        cust_nation,\n        l_year\norder by\n        supp_nation,\n        cust_nation,\n        l_year"

Pretty EXPLAIN output:
GroupAggregate  (cost=355690.84..355715.01 rows=165 width=116)
  Group Key: n1.n_name, n2.n_name, (EXTRACT(year FROM lineitem.l_shipdate))
  ->  Gather Merge  (cost=355690.84..355710.06 rows=165 width=96)
        Workers Planned: 2
        ->  Sort  (cost=354690.82..354690.99 rows=69 width=96)
              Sort Key: n1.n_name, n2.n_name, (EXTRACT(year FROM lineitem.l_shipdate))
              ->  Hash Join  (cost=349949.29..354688.71 rows=69 width=96)
                    Hash Cond: (customer.c_nationkey = n2.n_nationkey)
                    Join Filter: (((n1.n_name = 'GERMANY'::bpchar) AND (n2.n_name = 'FRANCE'::bpchar)) OR ((n1.n_name = 'FRANCE'::bpchar) AND (n2.n_name = 'GERMANY'::bpchar)))
                    ->  Parallel Hash Join  (cost=349947.89..354678.32 rows=1648 width=46)
                          Hash Cond: (customer.c_custkey = orders.o_custkey)
                          ->  Parallel Hash Semi Join  (cost=5069.98..9711.88 rows=22727 width=12)
                                Hash Cond: (customer.c_custkey = c.c_custkey)
                                ->  Parallel Seq Scan on customer  (cost=0.00..4225.00 rows=62500 width=8)
                                ->  Parallel Hash  (cost=4785.89..4785.89 rows=22727 width=4)
                                      ->  Hash Semi Join  (cost=2.66..4785.89 rows=22727 width=4)
                                            Hash Cond: (c.c_nationkey = n_1.n_nationkey)
                                            ->  Parallel Seq Scan on customer c  (cost=0.00..4381.25 rows=56817 width=8)
                                                  Filter: (c_acctbal > '0'::numeric)
                                            ->  Hash  (cost=2.53..2.53 rows=10 width=4)
                                                  ->  Hash Join  (cost=1.09..2.53 rows=10 width=4)
                                                        Hash Cond: (n_1.n_regionkey = r_1.r_regionkey)
                                                        ->  Seq Scan on nation n_1  (cost=0.00..1.25 rows=25 width=8)
                                                        ->  Hash  (cost=1.06..1.06 rows=2 width=4)
                                                              ->  Seq Scan on region r_1  (cost=0.00..1.06 rows=2 width=4)
                                                                    Filter: (r_name = ANY ('{EUROPE,AMERICA}'::bpchar[]))
                          ->  Parallel Hash  (cost=344850.73..344850.73 rows=2175 width=46)
                                ->  Nested Loop  (cost=208854.67..344850.73 rows=2175 width=46)
                                      Join Filter: (orders.o_orderkey = o.o_orderkey)
                                      ->  Hash Join  (cost=208854.24..343811.82 rows=2175 width=54)
                                            Hash Cond: (lineitem.l_suppkey = supplier.s_suppkey)
                                            ->  Parallel Hash Semi Join  (cost=208221.14..342596.97 rows=149322 width=32)
                                                  Hash Cond: ((lineitem.l_orderkey = o.o_orderkey) AND (lineitem.l_linenumber = l.l_linenumber))
                                                  ->  Parallel Seq Scan on lineitem  (cost=0.00..130607.93 rows=369275 width=28)
                                                        Filter: ((l_shipdate >= '1995-01-01'::date) AND (l_shipdate <= '1996-12-31'::date))
                                                  ->  Parallel Hash  (cost=200939.33..200939.33 rows=485454 width=12)
                                                        ->  Parallel Hash Semi Join  (cost=59286.54..200939.33 rows=485454 width=12)
                                                              Hash Cond: ((l.l_partkey = ps.ps_partkey) AND (l.l_suppkey = ps.ps_suppkey))
                                                              ->  Parallel Hash Semi Join  (cost=34630.15..167787.50 rows=485454 width=20)
                                                                    Hash Cond: (l.l_orderkey = o.o_orderkey)
                                                                    ->  Parallel Seq Scan on lineitem l  (cost=0.00..124605.28 rows=1200528 width=16)
                                                                    ->  Parallel Hash  (cost=32184.39..32184.39 rows=195661 width=4)
                                                                          ->  Parallel Seq Scan on orders o  (cost=0.00..32184.39 rows=195661 width=4)
                                                                                Filter: (o_orderpriority = ANY ('{1-URGENT,2-HIGH}'::bpchar[]))
                                                              ->  Parallel Hash  (cost=20785.81..20785.81 rows=258039 width=8)
                                                                    ->  Parallel Seq Scan on partsupp ps  (cost=0.00..20785.81 rows=258039 width=8)
                                                                          Filter: (ps_availqty > 0)
                                            ->  Hash  (cost=631.28..631.28 rows=146 width=34)
                                                  ->  Hash Join  (cost=253.47..631.28 rows=146 width=34)
                                                        Hash Cond: (supplier.s_nationkey = n1.n_nationkey)
                                                        ->  Hash Semi Join  (cost=252.07..621.59 rows=1822 width=12)
                                                              Hash Cond: (supplier.s_suppkey = s.s_suppkey)
                                                              ->  Seq Scan on supplier  (cost=0.00..323.00 rows=10000 width=8)
                                                              ->  Hash  (cost=229.29..229.29 rows=1822 width=4)
                                                                    ->  Nested Loop  (cost=7.62..229.29 rows=1822 width=4)
                                                                          ->  HashAggregate  (cost=2.48..2.53 rows=5 width=4)
                                                                                Group Key: n.n_nationkey
                                                                                ->  Hash Join  (cost=1.07..2.47 rows=5 width=4)
                                                                                      Hash Cond: (n.n_regionkey = r.r_regionkey)
                                                                                      ->  Seq Scan on nation n  (cost=0.00..1.25 rows=25 width=8)
                                                                                      ->  Hash  (cost=1.06..1.06 rows=1 width=4)
                                                                                            ->  Seq Scan on region r  (cost=0.00..1.06 rows=1 width=4)
                                                                                                  Filter: (r_name = 'EUROPE'::bpchar)
                                                                          ->  Bitmap Heap Scan on supplier s  (cost=5.14..41.71 rows=364 width=8)
                                                                                Recheck Cond: (s_nationkey = n.n_nationkey)
                                                                                Filter: (s_acctbal > '0'::numeric)
                                                                                ->  Bitmap Index Scan on idx_supplier_fk_s_nationkey  (cost=0.00..5.04 rows=400 width=0)
                                                                                      Index Cond: (s_nationkey = n.n_nationkey)
                                                        ->  Hash  (cost=1.38..1.38 rows=2 width=30)
                                                              ->  Seq Scan on nation n1  (cost=0.00..1.38 rows=2 width=30)
                                                                    Filter: ((n_name = 'GERMANY'::bpchar) OR (n_name = 'FRANCE'::bpchar))
                                      ->  Index Scan using idx_orders_pk on orders  (cost=0.43..0.47 rows=1 width=8)
                                            Index Cond: (o_orderkey = l.l_orderkey)
                    ->  Hash  (cost=1.38..1.38 rows=2 width=30)
                          ->  Seq Scan on nation n2  (cost=0.00..1.38 rows=2 width=30)
                                Filter: ((n_name = 'FRANCE'::bpchar) OR (n_name = 'GERMANY'::bpchar))
JIT:
  Functions: 136
  Options: Inlining false, Optimization false, Expressions true, Deforming true
b"EXPLAIN select\n        supp_nation,\n        cust_nation,\n        l_year,\n        sum(volume) as revenue\nfrom\n        (\n                select\n                        n1.n_name as supp_nation,\n                        n2.n_name as cust_nation,\n                        extract(year from l_shipdate) as l_year,\n                        l_extendedprice * (1 - l_discount) as volume\n                FROM supplier_view,\n                        lineitem_view,\n                        orders,\n                        customer_view,\n                        nation n1,\n                        nation n2\n                where\n                        s_suppkey = l_suppkey\n                        and o_orderkey = l_orderkey\n                        and c_custkey = o_custkey\n                        and s_nationkey = n1.n_nationkey\n                        and c_nationkey = n2.n_nationkey\n                        and (\n                                (n1.n_name = 'GERMANY' and n2.n_name = 'FRANCE')\n                                or (n1.n_name = 'FRANCE' and n2.n_name = 'GERMANY')\n                        )\n                        and l_shipdate between date '1995-01-01' and date '1996-12-31'\n        ) as shipping\ngroup by\n        supp_nation,\n        cust_nation,\n        l_year\norder by\n        supp_nation,\n        cust_nation,\n        l_year"

Pretty EXPLAIN output:
GroupAggregate  (cost=355690.84..355715.01 rows=165 width=116)
  Group Key: n1.n_name, n2.n_name, (EXTRACT(year FROM lineitem.l_shipdate))
  ->  Gather Merge  (cost=355690.84..355710.06 rows=165 width=96)
        Workers Planned: 2
        ->  Sort  (cost=354690.82..354690.99 rows=69 width=96)
              Sort Key: n1.n_name, n2.n_name, (EXTRACT(year FROM lineitem.l_shipdate))
              ->  Hash Join  (cost=349949.29..354688.71 rows=69 width=96)
                    Hash Cond: (customer.c_nationkey = n2.n_nationkey)
                    Join Filter: (((n1.n_name = 'GERMANY'::bpchar) AND (n2.n_name = 'FRANCE'::bpchar)) OR ((n1.n_name = 'FRANCE'::bpchar) AND (n2.n_name = 'GERMANY'::bpchar)))
                    ->  Parallel Hash Join  (cost=349947.89..354678.32 rows=1648 width=46)
                          Hash Cond: (customer.c_custkey = orders.o_custkey)
                          ->  Parallel Hash Semi Join  (cost=5069.98..9711.88 rows=22727 width=12)
                                Hash Cond: (customer.c_custkey = c.c_custkey)
                                ->  Parallel Seq Scan on customer  (cost=0.00..4225.00 rows=62500 width=8)
                                ->  Parallel Hash  (cost=4785.89..4785.89 rows=22727 width=4)
                                      ->  Hash Semi Join  (cost=2.66..4785.89 rows=22727 width=4)
                                            Hash Cond: (c.c_nationkey = n_1.n_nationkey)
                                            ->  Parallel Seq Scan on customer c  (cost=0.00..4381.25 rows=56817 width=8)
                                                  Filter: (c_acctbal > '0'::numeric)
                                            ->  Hash  (cost=2.53..2.53 rows=10 width=4)
                                                  ->  Hash Join  (cost=1.09..2.53 rows=10 width=4)
                                                        Hash Cond: (n_1.n_regionkey = r_1.r_regionkey)
                                                        ->  Seq Scan on nation n_1  (cost=0.00..1.25 rows=25 width=8)
                                                        ->  Hash  (cost=1.06..1.06 rows=2 width=4)
                                                              ->  Seq Scan on region r_1  (cost=0.00..1.06 rows=2 width=4)
                                                                    Filter: (r_name = ANY ('{EUROPE,AMERICA}'::bpchar[]))
                          ->  Parallel Hash  (cost=344850.73..344850.73 rows=2175 width=46)
                                ->  Nested Loop  (cost=208854.67..344850.73 rows=2175 width=46)
                                      Join Filter: (orders.o_orderkey = o.o_orderkey)
                                      ->  Hash Join  (cost=208854.24..343811.82 rows=2175 width=54)
                                            Hash Cond: (lineitem.l_suppkey = supplier.s_suppkey)
                                            ->  Parallel Hash Semi Join  (cost=208221.14..342596.97 rows=149322 width=32)
                                                  Hash Cond: ((lineitem.l_orderkey = o.o_orderkey) AND (lineitem.l_linenumber = l.l_linenumber))
                                                  ->  Parallel Seq Scan on lineitem  (cost=0.00..130607.93 rows=369275 width=28)
                                                        Filter: ((l_shipdate >= '1995-01-01'::date) AND (l_shipdate <= '1996-12-31'::date))
                                                  ->  Parallel Hash  (cost=200939.33..200939.33 rows=485454 width=12)
                                                        ->  Parallel Hash Semi Join  (cost=59286.54..200939.33 rows=485454 width=12)
                                                              Hash Cond: ((l.l_partkey = ps.ps_partkey) AND (l.l_suppkey = ps.ps_suppkey))
                                                              ->  Parallel Hash Semi Join  (cost=34630.15..167787.50 rows=485454 width=20)
                                                                    Hash Cond: (l.l_orderkey = o.o_orderkey)
                                                                    ->  Parallel Seq Scan on lineitem l  (cost=0.00..124605.28 rows=1200528 width=16)
                                                                    ->  Parallel Hash  (cost=32184.39..32184.39 rows=195661 width=4)
                                                                          ->  Parallel Seq Scan on orders o  (cost=0.00..32184.39 rows=195661 width=4)
                                                                                Filter: (o_orderpriority = ANY ('{1-URGENT,2-HIGH}'::bpchar[]))
                                                              ->  Parallel Hash  (cost=20785.81..20785.81 rows=258039 width=8)
                                                                    ->  Parallel Seq Scan on partsupp ps  (cost=0.00..20785.81 rows=258039 width=8)
                                                                          Filter: (ps_availqty > 0)
                                            ->  Hash  (cost=631.28..631.28 rows=146 width=34)
                                                  ->  Hash Join  (cost=253.47..631.28 rows=146 width=34)
                                                        Hash Cond: (supplier.s_nationkey = n1.n_nationkey)
                                                        ->  Hash Semi Join  (cost=252.07..621.59 rows=1822 width=12)
                                                              Hash Cond: (supplier.s_suppkey = s.s_suppkey)
                                                              ->  Seq Scan on supplier  (cost=0.00..323.00 rows=10000 width=8)
                                                              ->  Hash  (cost=229.29..229.29 rows=1822 width=4)
                                                                    ->  Nested Loop  (cost=7.62..229.29 rows=1822 width=4)
                                                                          ->  HashAggregate  (cost=2.48..2.53 rows=5 width=4)
                                                                                Group Key: n.n_nationkey
                                                                                ->  Hash Join  (cost=1.07..2.47 rows=5 width=4)
                                                                                      Hash Cond: (n.n_regionkey = r.r_regionkey)
                                                                                      ->  Seq Scan on nation n  (cost=0.00..1.25 rows=25 width=8)
                                                                                      ->  Hash  (cost=1.06..1.06 rows=1 width=4)
                                                                                            ->  Seq Scan on region r  (cost=0.00..1.06 rows=1 width=4)
                                                                                                  Filter: (r_name = 'EUROPE'::bpchar)
                                                                          ->  Bitmap Heap Scan on supplier s  (cost=5.14..41.71 rows=364 width=8)
                                                                                Recheck Cond: (s_nationkey = n.n_nationkey)
                                                                                Filter: (s_acctbal > '0'::numeric)
                                                                                ->  Bitmap Index Scan on idx_supplier_fk_s_nationkey  (cost=0.00..5.04 rows=400 width=0)
                                                                                      Index Cond: (s_nationkey = n.n_nationkey)
                                                        ->  Hash  (cost=1.38..1.38 rows=2 width=30)
                                                              ->  Seq Scan on nation n1  (cost=0.00..1.38 rows=2 width=30)
                                                                    Filter: ((n_name = 'GERMANY'::bpchar) OR (n_name = 'FRANCE'::bpchar))
                                      ->  Index Scan using idx_orders_pk on orders  (cost=0.43..0.47 rows=1 width=8)
                                            Index Cond: (o_orderkey = l.l_orderkey)
                    ->  Hash  (cost=1.38..1.38 rows=2 width=30)
                          ->  Seq Scan on nation n2  (cost=0.00..1.38 rows=2 width=30)
                                Filter: ((n_name = 'FRANCE'::bpchar) OR (n_name = 'GERMANY'::bpchar))
JIT:
  Functions: 136
  Options: Inlining false, Optimization false, Expressions true, Deforming true

 select
        o_year,
        sum(case
                when nation = 'INDIA' then volume
                else 0
        end) / sum(volume) as mkt_share
from
        (
                select
                        extract(year from o_orderdate) as o_year,
                        l_extendedprice * (1 - l_discount) as volume,
                        n2.n_name as nation
                from
                        part,
                        supplier_view,
                        lineitem_view,
                        orders,
                        customer_view,
                        nation n1,
                        nation n2,
                        region
                where
                        p_partkey = l_partkey
                        and s_suppkey = l_suppkey
                        and l_orderkey = o_orderkey
                        and o_custkey = c_custkey
                        and c_nationkey = n1.n_nationkey
                        and n1.n_regionkey = r_regionkey
                        and r_name = 'ASIA'
                        and s_nationkey = n2.n_nationkey
                        and o_orderdate between date '1995-01-01' and date '1996-12-31'
                        and p_type = 'ECONOMY ANODIZED STEEL'
        ) as all_nations
group by
        o_year
order by
        o_year
b"EXPLAIN select\n        o_year,\n        sum(case\n                when nation = 'INDIA' then volume\n                else 0\n        end) / sum(volume) as mkt_share\nfrom\n        (\n                select\n                        extract(year from o_orderdate) as o_year,\n                        l_extendedprice * (1 - l_discount) as volume,\n                        n2.n_name as nation\n                from\n                        part,\n                        supplier_view,\n                        lineitem_view,\n                        orders,\n                        customer_view,\n                        nation n1,\n                        nation n2,\n                        region\n                where\n                        p_partkey = l_partkey\n                        and s_suppkey = l_suppkey\n                        and l_orderkey = o_orderkey\n                        and o_custkey = c_custkey\n                        and c_nationkey = n1.n_nationkey\n                        and n1.n_regionkey = r_regionkey\n                        and r_name = 'ASIA'\n                        and s_nationkey = n2.n_nationkey\n                        and o_orderdate between date '1995-01-01' and date '1996-12-31'\n                        and p_type = 'ECONOMY ANODIZED STEEL'\n        ) as all_nations\ngroup by\n        o_year\norder by\n        o_year"

Pretty EXPLAIN output:
GroupAggregate  (cost=363837.10..363847.11 rows=64 width=64)
  Group Key: (EXTRACT(year FROM orders.o_orderdate))
  ->  Gather Merge  (cost=363837.10..363844.55 rows=64 width=70)
        Workers Planned: 2
        ->  Sort  (cost=362837.07..362837.14 rows=27 width=70)
              Sort Key: (EXTRACT(year FROM orders.o_orderdate))
              ->  Hash Join  (cost=358107.83..362836.43 rows=27 width=70)
                    Hash Cond: (supplier.s_nationkey = n2.n_nationkey)
                    ->  Hash Join  (cost=358106.27..362834.43 rows=27 width=20)
                          Hash Cond: (customer.c_nationkey = n1.n_nationkey)
                          ->  Parallel Hash Join  (cost=358103.73..362831.13 rows=133 width=24)
                                Hash Cond: (customer.c_custkey = orders.o_custkey)
                                ->  Parallel Hash Semi Join  (cost=5069.98..9711.88 rows=22727 width=12)
                                      Hash Cond: (customer.c_custkey = c.c_custkey)
                                      ->  Parallel Seq Scan on customer  (cost=0.00..4225.00 rows=62500 width=8)
                                      ->  Parallel Hash  (cost=4785.89..4785.89 rows=22727 width=4)
                                            ->  Hash Semi Join  (cost=2.66..4785.89 rows=22727 width=4)
                                                  Hash Cond: (c.c_nationkey = n_1.n_nationkey)
                                                  ->  Parallel Seq Scan on customer c  (cost=0.00..4381.25 rows=56817 width=8)
                                                        Filter: (c_acctbal > '0'::numeric)
                                                  ->  Hash  (cost=2.53..2.53 rows=10 width=4)
                                                        ->  Hash Join  (cost=1.09..2.53 rows=10 width=4)
                                                              Hash Cond: (n_1.n_regionkey = r_1.r_regionkey)
                                                              ->  Seq Scan on nation n_1  (cost=0.00..1.25 rows=25 width=8)
                                                              ->  Hash  (cost=1.06..1.06 rows=2 width=4)
                                                                    ->  Seq Scan on region r_1  (cost=0.00..1.06 rows=2 width=4)
                                                                          Filter: (r_name = ANY ('{EUROPE,AMERICA}'::bpchar[]))
                                ->  Parallel Hash  (cost=353031.56..353031.56 rows=176 width=24)
                                      ->  Nested Loop  (cost=214042.50..353031.56 rows=176 width=24)
                                            Join Filter: (orders.o_orderkey = o.o_orderkey)
                                            ->  Hash Join  (cost=214042.07..352748.72 rows=586 width=28)
                                                  Hash Cond: (lineitem.l_suppkey = supplier.s_suppkey)
                                                  ->  Parallel Hash Join  (cost=213397.71..352086.43 rows=3219 width=28)
                                                        Hash Cond: (lineitem.l_partkey = part.p_partkey)
                                                        ->  Parallel Hash Semi Join  (cost=208221.14..345076.01 rows=485454 width=32)
                                                              Hash Cond: ((lineitem.l_orderkey = o.o_orderkey) AND (lineitem.l_linenumber = l.l_linenumber))
                                                              ->  Parallel Seq Scan on lineitem  (cost=0.00..124605.28 rows=1200528 width=28)
                                                              ->  Parallel Hash  (cost=200939.33..200939.33 rows=485454 width=12)
                                                                    ->  Parallel Hash Semi Join  (cost=59286.54..200939.33 rows=485454 width=12)
                                                                          Hash Cond: ((l.l_partkey = ps.ps_partkey) AND (l.l_suppkey = ps.ps_suppkey))
                                                                          ->  Parallel Hash Semi Join  (cost=34630.15..167787.50 rows=485454 width=20)
                                                                                Hash Cond: (l.l_orderkey = o.o_orderkey)
                                                                                ->  Parallel Seq Scan on lineitem l  (cost=0.00..124605.28 rows=1200528 width=16)
                                                                                ->  Parallel Hash  (cost=32184.39..32184.39 rows=195661 width=4)
                                                                                      ->  Parallel Seq Scan on orders o  (cost=0.00..32184.39 rows=195661 width=4)
                                                                                            Filter: (o_orderpriority = ANY ('{1-URGENT,2-HIGH}'::bpchar[]))
                                                                          ->  Parallel Hash  (cost=20785.81..20785.81 rows=258039 width=8)
                                                                                ->  Parallel Seq Scan on partsupp ps  (cost=0.00..20785.81 rows=258039 width=8)
                                                                                      Filter: (ps_availqty > 0)
                                                        ->  Parallel Hash  (cost=5169.67..5169.67 rows=552 width=4)
                                                              ->  Parallel Seq Scan on part  (cost=0.00..5169.67 rows=552 width=4)
                                                                    Filter: ((p_type)::text = 'ECONOMY ANODIZED STEEL'::text)
                                                  ->  Hash  (cost=621.59..621.59 rows=1822 width=12)
                                                        ->  Hash Semi Join  (cost=252.07..621.59 rows=1822 width=12)
                                                              Hash Cond: (supplier.s_suppkey = s.s_suppkey)
                                                              ->  Seq Scan on supplier  (cost=0.00..323.00 rows=10000 width=8)
                                                              ->  Hash  (cost=229.29..229.29 rows=1822 width=4)
                                                                    ->  Nested Loop  (cost=7.62..229.29 rows=1822 width=4)
                                                                          ->  HashAggregate  (cost=2.48..2.53 rows=5 width=4)
                                                                                Group Key: n.n_nationkey
                                                                                ->  Hash Join  (cost=1.07..2.47 rows=5 width=4)
                                                                                      Hash Cond: (n.n_regionkey = r.r_regionkey)
                                                                                      ->  Seq Scan on nation n  (cost=0.00..1.25 rows=25 width=8)
                                                                                      ->  Hash  (cost=1.06..1.06 rows=1 width=4)
                                                                                            ->  Seq Scan on region r  (cost=0.00..1.06 rows=1 width=4)
                                                                                                  Filter: (r_name = 'EUROPE'::bpchar)
                                                                          ->  Bitmap Heap Scan on supplier s  (cost=5.14..41.71 rows=364 width=8)
                                                                                Recheck Cond: (s_nationkey = n.n_nationkey)
                                                                                Filter: (s_acctbal > '0'::numeric)
                                                                                ->  Bitmap Index Scan on idx_supplier_fk_s_nationkey  (cost=0.00..5.04 rows=400 width=0)
                                                                                      Index Cond: (s_nationkey = n.n_nationkey)
                                            ->  Index Scan using idx_orders_pk on orders  (cost=0.43..0.47 rows=1 width=12)
                                                  Index Cond: (o_orderkey = l.l_orderkey)
                                                  Filter: ((o_orderdate >= '1995-01-01'::date) AND (o_orderdate <= '1996-12-31'::date))
                          ->  Hash  (cost=2.47..2.47 rows=5 width=4)
                                ->  Hash Join  (cost=1.07..2.47 rows=5 width=4)
                                      Hash Cond: (n1.n_regionkey = region.r_regionkey)
                                      ->  Seq Scan on nation n1  (cost=0.00..1.25 rows=25 width=8)
                                      ->  Hash  (cost=1.06..1.06 rows=1 width=4)
                                            ->  Seq Scan on region  (cost=0.00..1.06 rows=1 width=4)
                                                  Filter: (r_name = 'ASIA'::bpchar)
                    ->  Hash  (cost=1.25..1.25 rows=25 width=30)
                          ->  Seq Scan on nation n2  (cost=0.00..1.25 rows=25 width=30)
JIT:
  Functions: 148
  Options: Inlining false, Optimization false, Expressions true, Deforming true
b"EXPLAIN select\n        o_year,\n        sum(case\n                when nation = 'INDIA' then volume\n                else 0\n        end) / sum(volume) as mkt_share\nfrom\n        (\n                select\n                        extract(year from o_orderdate) as o_year,\n                        l_extendedprice * (1 - l_discount) as volume,\n                        n2.n_name as nation\n                from\n                        part,\n                        supplier_view,\n                        lineitem_view,\n                        orders,\n                        customer_view,\n                        nation n1,\n                        nation n2,\n                        region\n                where\n                        p_partkey = l_partkey\n                        and s_suppkey = l_suppkey\n                        and l_orderkey = o_orderkey\n                        and o_custkey = c_custkey\n                        and c_nationkey = n1.n_nationkey\n                        and n1.n_regionkey = r_regionkey\n                        and r_name = 'ASIA'\n                        and s_nationkey = n2.n_nationkey\n                        and o_orderdate between date '1995-01-01' and date '1996-12-31'\n                        and p_type = 'ECONOMY ANODIZED STEEL'\n        ) as all_nations\ngroup by\n        o_year\norder by\n        o_year"

Pretty EXPLAIN output:
GroupAggregate  (cost=363837.10..363847.11 rows=64 width=64)
  Group Key: (EXTRACT(year FROM orders.o_orderdate))
  ->  Gather Merge  (cost=363837.10..363844.55 rows=64 width=70)
        Workers Planned: 2
        ->  Sort  (cost=362837.07..362837.14 rows=27 width=70)
              Sort Key: (EXTRACT(year FROM orders.o_orderdate))
              ->  Hash Join  (cost=358107.83..362836.43 rows=27 width=70)
                    Hash Cond: (supplier.s_nationkey = n2.n_nationkey)
                    ->  Hash Join  (cost=358106.27..362834.43 rows=27 width=20)
                          Hash Cond: (customer.c_nationkey = n1.n_nationkey)
                          ->  Parallel Hash Join  (cost=358103.73..362831.13 rows=133 width=24)
                                Hash Cond: (customer.c_custkey = orders.o_custkey)
                                ->  Parallel Hash Semi Join  (cost=5069.98..9711.88 rows=22727 width=12)
                                      Hash Cond: (customer.c_custkey = c.c_custkey)
                                      ->  Parallel Seq Scan on customer  (cost=0.00..4225.00 rows=62500 width=8)
                                      ->  Parallel Hash  (cost=4785.89..4785.89 rows=22727 width=4)
                                            ->  Hash Semi Join  (cost=2.66..4785.89 rows=22727 width=4)
                                                  Hash Cond: (c.c_nationkey = n_1.n_nationkey)
                                                  ->  Parallel Seq Scan on customer c  (cost=0.00..4381.25 rows=56817 width=8)
                                                        Filter: (c_acctbal > '0'::numeric)
                                                  ->  Hash  (cost=2.53..2.53 rows=10 width=4)
                                                        ->  Hash Join  (cost=1.09..2.53 rows=10 width=4)
                                                              Hash Cond: (n_1.n_regionkey = r_1.r_regionkey)
                                                              ->  Seq Scan on nation n_1  (cost=0.00..1.25 rows=25 width=8)
                                                              ->  Hash  (cost=1.06..1.06 rows=2 width=4)
                                                                    ->  Seq Scan on region r_1  (cost=0.00..1.06 rows=2 width=4)
                                                                          Filter: (r_name = ANY ('{EUROPE,AMERICA}'::bpchar[]))
                                ->  Parallel Hash  (cost=353031.56..353031.56 rows=176 width=24)
                                      ->  Nested Loop  (cost=214042.50..353031.56 rows=176 width=24)
                                            Join Filter: (orders.o_orderkey = o.o_orderkey)
                                            ->  Hash Join  (cost=214042.07..352748.72 rows=586 width=28)
                                                  Hash Cond: (lineitem.l_suppkey = supplier.s_suppkey)
                                                  ->  Parallel Hash Join  (cost=213397.71..352086.43 rows=3219 width=28)
                                                        Hash Cond: (lineitem.l_partkey = part.p_partkey)
                                                        ->  Parallel Hash Semi Join  (cost=208221.14..345076.01 rows=485454 width=32)
                                                              Hash Cond: ((lineitem.l_orderkey = o.o_orderkey) AND (lineitem.l_linenumber = l.l_linenumber))
                                                              ->  Parallel Seq Scan on lineitem  (cost=0.00..124605.28 rows=1200528 width=28)
                                                              ->  Parallel Hash  (cost=200939.33..200939.33 rows=485454 width=12)
                                                                    ->  Parallel Hash Semi Join  (cost=59286.54..200939.33 rows=485454 width=12)
                                                                          Hash Cond: ((l.l_partkey = ps.ps_partkey) AND (l.l_suppkey = ps.ps_suppkey))
                                                                          ->  Parallel Hash Semi Join  (cost=34630.15..167787.50 rows=485454 width=20)
                                                                                Hash Cond: (l.l_orderkey = o.o_orderkey)
                                                                                ->  Parallel Seq Scan on lineitem l  (cost=0.00..124605.28 rows=1200528 width=16)
                                                                                ->  Parallel Hash  (cost=32184.39..32184.39 rows=195661 width=4)
                                                                                      ->  Parallel Seq Scan on orders o  (cost=0.00..32184.39 rows=195661 width=4)
                                                                                            Filter: (o_orderpriority = ANY ('{1-URGENT,2-HIGH}'::bpchar[]))
                                                                          ->  Parallel Hash  (cost=20785.81..20785.81 rows=258039 width=8)
                                                                                ->  Parallel Seq Scan on partsupp ps  (cost=0.00..20785.81 rows=258039 width=8)
                                                                                      Filter: (ps_availqty > 0)
                                                        ->  Parallel Hash  (cost=5169.67..5169.67 rows=552 width=4)
                                                              ->  Parallel Seq Scan on part  (cost=0.00..5169.67 rows=552 width=4)
                                                                    Filter: ((p_type)::text = 'ECONOMY ANODIZED STEEL'::text)
                                                  ->  Hash  (cost=621.59..621.59 rows=1822 width=12)
                                                        ->  Hash Semi Join  (cost=252.07..621.59 rows=1822 width=12)
                                                              Hash Cond: (supplier.s_suppkey = s.s_suppkey)
                                                              ->  Seq Scan on supplier  (cost=0.00..323.00 rows=10000 width=8)
                                                              ->  Hash  (cost=229.29..229.29 rows=1822 width=4)
                                                                    ->  Nested Loop  (cost=7.62..229.29 rows=1822 width=4)
                                                                          ->  HashAggregate  (cost=2.48..2.53 rows=5 width=4)
                                                                                Group Key: n.n_nationkey
                                                                                ->  Hash Join  (cost=1.07..2.47 rows=5 width=4)
                                                                                      Hash Cond: (n.n_regionkey = r.r_regionkey)
                                                                                      ->  Seq Scan on nation n  (cost=0.00..1.25 rows=25 width=8)
                                                                                      ->  Hash  (cost=1.06..1.06 rows=1 width=4)
                                                                                            ->  Seq Scan on region r  (cost=0.00..1.06 rows=1 width=4)
                                                                                                  Filter: (r_name = 'EUROPE'::bpchar)
                                                                          ->  Bitmap Heap Scan on supplier s  (cost=5.14..41.71 rows=364 width=8)
                                                                                Recheck Cond: (s_nationkey = n.n_nationkey)
                                                                                Filter: (s_acctbal > '0'::numeric)
                                                                                ->  Bitmap Index Scan on idx_supplier_fk_s_nationkey  (cost=0.00..5.04 rows=400 width=0)
                                                                                      Index Cond: (s_nationkey = n.n_nationkey)
                                            ->  Index Scan using idx_orders_pk on orders  (cost=0.43..0.47 rows=1 width=12)
                                                  Index Cond: (o_orderkey = l.l_orderkey)
                                                  Filter: ((o_orderdate >= '1995-01-01'::date) AND (o_orderdate <= '1996-12-31'::date))
                          ->  Hash  (cost=2.47..2.47 rows=5 width=4)
                                ->  Hash Join  (cost=1.07..2.47 rows=5 width=4)
                                      Hash Cond: (n1.n_regionkey = region.r_regionkey)
                                      ->  Seq Scan on nation n1  (cost=0.00..1.25 rows=25 width=8)
                                      ->  Hash  (cost=1.06..1.06 rows=1 width=4)
                                            ->  Seq Scan on region  (cost=0.00..1.06 rows=1 width=4)
                                                  Filter: (r_name = 'ASIA'::bpchar)
                    ->  Hash  (cost=1.25..1.25 rows=25 width=30)
                          ->  Seq Scan on nation n2  (cost=0.00..1.25 rows=25 width=30)
JIT:
  Functions: 148
  Options: Inlining false, Optimization false, Expressions true, Deforming true

 select
        nation,
        o_year,
        sum(amount) as sum_profit
from
        (
                select
                        n_name as nation, p_name,
                        extract(year from o_orderdate) as o_year,
                        l_extendedprice * (1 - l_discount) - ps_supplycost * l_quantity as amount
                from
                        part,
                        supplier_view,
                        lineitem_view,
                        partsupp_view,
                        orders,
                        nation
                where
                        s_suppkey = l_suppkey
                        and ps_suppkey = l_suppkey
                        and ps_partkey = l_partkey
                        and p_partkey = l_partkey
                        and o_orderkey = l_orderkey
                        and s_nationkey = n_nationkey
                        and p_name like 'co%'
        ) as profit
group by
        nation,
        o_year
order by
        nation,
        o_year desc
b"EXPLAIN select\n        nation,\n        o_year,\n        sum(amount) as sum_profit\nfrom\n        (\n                select\n                        n_name as nation, p_name,\n                        extract(year from o_orderdate) as o_year,\n                        l_extendedprice * (1 - l_discount) - ps_supplycost * l_quantity as amount\n                from\n                        part,\n                        supplier_view,\n                        lineitem_view,\n                        partsupp_view,\n                        orders,\n                        nation\n                where\n                        s_suppkey = l_suppkey\n                        and ps_suppkey = l_suppkey\n                        and ps_partkey = l_partkey\n                        and p_partkey = l_partkey\n                        and o_orderkey = l_orderkey\n                        and s_nationkey = n_nationkey\n                        and p_name like 'co%'\n        ) as profit\ngroup by\n        nation,\n        o_year\norder by\n        nation,\n        o_year desc"

Pretty EXPLAIN output:
GroupAggregate  (cost=357143.11..357143.27 rows=1 width=90)
  Group Key: nation.n_name, (EXTRACT(year FROM orders.o_orderdate))
  ->  Gather Merge  (cost=357143.11..357143.23 rows=1 width=81)
        Workers Planned: 5
        ->  Sort  (cost=356143.03..356143.04 rows=1 width=81)
              Sort Key: nation.n_name, (EXTRACT(year FROM orders.o_orderdate)) DESC
              ->  Nested Loop  (cost=354310.43..356143.02 rows=1 width=81)
                    ->  Nested Loop  (cost=354310.29..356142.85 rows=1 width=31)
                          Join Filter: (orders.o_orderkey = o.o_orderkey)
                          ->  Nested Loop Semi Join  (cost=354309.87..356142.37 rows=1 width=39)
                                Join Filter: ((partsupp.ps_suppkey = s_1.s_suppkey) AND (ps_1.ps_partkey = partsupp.ps_partkey))
                                ->  Nested Loop  (cost=354309.16..356141.58 rows=1 width=67)
                                      Join Filter: (supplier.s_suppkey = partsupp.ps_suppkey)
                                      ->  Merge Join  (cost=354308.73..354460.37 rows=3572 width=53)
                                            Merge Cond: (lineitem.l_suppkey = supplier.s_suppkey)
                                            ->  Sort  (cost=353588.46..353637.50 rows=19615 width=41)
                                                  Sort Key: lineitem.l_suppkey
                                                  ->  Parallel Hash Join  (cost=213432.90..352189.95 rows=19615 width=41)
                                                        Hash Cond: (lineitem.l_partkey = part.p_partkey)
                                                        ->  Parallel Hash Semi Join  (cost=208221.14..345076.01 rows=485454 width=37)
                                                              Hash Cond: ((lineitem.l_orderkey = o.o_orderkey) AND (lineitem.l_linenumber = l.l_linenumber))
                                                              ->  Parallel Seq Scan on lineitem  (cost=0.00..124605.28 rows=1200528 width=33)
                                                              ->  Parallel Hash  (cost=200939.33..200939.33 rows=485454 width=12)
                                                                    ->  Parallel Hash Semi Join  (cost=59286.54..200939.33 rows=485454 width=12)
                                                                          Hash Cond: ((l.l_partkey = ps.ps_partkey) AND (l.l_suppkey = ps.ps_suppkey))
                                                                          ->  Parallel Hash Semi Join  (cost=34630.15..167787.50 rows=485454 width=20)
                                                                                Hash Cond: (l.l_orderkey = o.o_orderkey)
                                                                                ->  Parallel Seq Scan on lineitem l  (cost=0.00..124605.28 rows=1200528 width=16)
                                                                                ->  Parallel Hash  (cost=32184.39..32184.39 rows=195661 width=4)
                                                                                      ->  Parallel Seq Scan on orders o  (cost=0.00..32184.39 rows=195661 width=4)
                                                                                            Filter: (o_orderpriority = ANY ('{1-URGENT,2-HIGH}'::bpchar[]))
                                                                          ->  Parallel Hash  (cost=20785.81..20785.81 rows=258039 width=8)
                                                                                ->  Parallel Seq Scan on partsupp ps  (cost=0.00..20785.81 rows=258039 width=8)
                                                                                      Filter: (ps_availqty > 0)
                                                        ->  Parallel Hash  (cost=5169.67..5169.67 rows=3367 width=4)
                                                              ->  Parallel Seq Scan on part  (cost=0.00..5169.67 rows=3367 width=4)
                                                                    Filter: ((p_name)::text ~~ 'co%'::text)
                                            ->  Sort  (cost=720.26..724.81 rows=1822 width=12)
                                                  Sort Key: supplier.s_suppkey
                                                  ->  Hash Semi Join  (cost=252.07..621.59 rows=1822 width=12)
                                                        Hash Cond: (supplier.s_suppkey = s.s_suppkey)
                                                        ->  Seq Scan on supplier  (cost=0.00..323.00 rows=10000 width=8)
                                                        ->  Hash  (cost=229.29..229.29 rows=1822 width=4)
                                                              ->  Nested Loop  (cost=7.62..229.29 rows=1822 width=4)
                                                                    ->  HashAggregate  (cost=2.48..2.53 rows=5 width=4)
                                                                          Group Key: n.n_nationkey
                                                                          ->  Hash Join  (cost=1.07..2.47 rows=5 width=4)
                                                                                Hash Cond: (n.n_regionkey = r.r_regionkey)
                                                                                ->  Seq Scan on nation n  (cost=0.00..1.25 rows=25 width=8)
                                                                                ->  Hash  (cost=1.06..1.06 rows=1 width=4)
                                                                                      ->  Seq Scan on region r  (cost=0.00..1.06 rows=1 width=4)
                                                                                            Filter: (r_name = 'EUROPE'::bpchar)
                                                                    ->  Bitmap Heap Scan on supplier s  (cost=5.14..41.71 rows=364 width=8)
                                                                          Recheck Cond: (s_nationkey = n.n_nationkey)
                                                                          Filter: (s_acctbal > '0'::numeric)
                                                                          ->  Bitmap Index Scan on idx_supplier_fk_s_nationkey  (cost=0.00..5.04 rows=400 width=0)
                                                                                Index Cond: (s_nationkey = n.n_nationkey)
                                      ->  Index Scan using idx_partsupp_pk on partsupp  (cost=0.42..0.46 rows=1 width=14)
                                            Index Cond: ((ps_partkey = lineitem.l_partkey) AND (ps_suppkey = lineitem.l_suppkey))
                                ->  Nested Loop Semi Join  (cost=0.71..0.78 rows=1 width=12)
                                      Join Filter: (ps_1.ps_suppkey = s_1.s_suppkey)
                                      ->  Index Scan using idx_partsupp_pk on partsupp ps_1  (cost=0.42..0.46 rows=1 width=8)
                                            Index Cond: ((ps_partkey = lineitem.l_partkey) AND (ps_suppkey = lineitem.l_suppkey))
                                            Filter: (ps_availqty > 100)
                                      ->  Index Scan using idx_supplier_pk on supplier s_1  (cost=0.29..0.31 rows=1 width=4)
                                            Index Cond: (s_suppkey = lineitem.l_suppkey)
                                            Filter: (s_acctbal > '0'::numeric)
                          ->  Index Scan using idx_orders_pk on orders  (cost=0.43..0.47 rows=1 width=8)
                                Index Cond: (o_orderkey = l.l_orderkey)
                    ->  Index Scan using idx_nation_pk on nation  (cost=0.14..0.16 rows=1 width=30)
                          Index Cond: (n_nationkey = supplier.s_nationkey)
JIT:
  Functions: 112
  Options: Inlining false, Optimization false, Expressions true, Deforming true
b"EXPLAIN select\n        nation,\n        o_year,\n        sum(amount) as sum_profit\nfrom\n        (\n                select\n                        n_name as nation, p_name,\n                        extract(year from o_orderdate) as o_year,\n                        l_extendedprice * (1 - l_discount) - ps_supplycost * l_quantity as amount\n                from\n                        part,\n                        supplier_view,\n                        lineitem_view,\n                        partsupp_view,\n                        orders,\n                        nation\n                where\n                        s_suppkey = l_suppkey\n                        and ps_suppkey = l_suppkey\n                        and ps_partkey = l_partkey\n                        and p_partkey = l_partkey\n                        and o_orderkey = l_orderkey\n                        and s_nationkey = n_nationkey\n                        and p_name like 'co%'\n        ) as profit\ngroup by\n        nation,\n        o_year\norder by\n        nation,\n        o_year desc"

Pretty EXPLAIN output:
GroupAggregate  (cost=357143.11..357143.27 rows=1 width=90)
  Group Key: nation.n_name, (EXTRACT(year FROM orders.o_orderdate))
  ->  Gather Merge  (cost=357143.11..357143.23 rows=1 width=81)
        Workers Planned: 5
        ->  Sort  (cost=356143.03..356143.04 rows=1 width=81)
              Sort Key: nation.n_name, (EXTRACT(year FROM orders.o_orderdate)) DESC
              ->  Nested Loop  (cost=354310.43..356143.02 rows=1 width=81)
                    ->  Nested Loop  (cost=354310.29..356142.85 rows=1 width=31)
                          Join Filter: (orders.o_orderkey = o.o_orderkey)
                          ->  Nested Loop Semi Join  (cost=354309.87..356142.37 rows=1 width=39)
                                Join Filter: ((partsupp.ps_suppkey = s_1.s_suppkey) AND (ps_1.ps_partkey = partsupp.ps_partkey))
                                ->  Nested Loop  (cost=354309.16..356141.58 rows=1 width=67)
                                      Join Filter: (supplier.s_suppkey = partsupp.ps_suppkey)
                                      ->  Merge Join  (cost=354308.73..354460.37 rows=3572 width=53)
                                            Merge Cond: (lineitem.l_suppkey = supplier.s_suppkey)
                                            ->  Sort  (cost=353588.46..353637.50 rows=19615 width=41)
                                                  Sort Key: lineitem.l_suppkey
                                                  ->  Parallel Hash Join  (cost=213432.90..352189.95 rows=19615 width=41)
                                                        Hash Cond: (lineitem.l_partkey = part.p_partkey)
                                                        ->  Parallel Hash Semi Join  (cost=208221.14..345076.01 rows=485454 width=37)
                                                              Hash Cond: ((lineitem.l_orderkey = o.o_orderkey) AND (lineitem.l_linenumber = l.l_linenumber))
                                                              ->  Parallel Seq Scan on lineitem  (cost=0.00..124605.28 rows=1200528 width=33)
                                                              ->  Parallel Hash  (cost=200939.33..200939.33 rows=485454 width=12)
                                                                    ->  Parallel Hash Semi Join  (cost=59286.54..200939.33 rows=485454 width=12)
                                                                          Hash Cond: ((l.l_partkey = ps.ps_partkey) AND (l.l_suppkey = ps.ps_suppkey))
                                                                          ->  Parallel Hash Semi Join  (cost=34630.15..167787.50 rows=485454 width=20)
                                                                                Hash Cond: (l.l_orderkey = o.o_orderkey)
                                                                                ->  Parallel Seq Scan on lineitem l  (cost=0.00..124605.28 rows=1200528 width=16)
                                                                                ->  Parallel Hash  (cost=32184.39..32184.39 rows=195661 width=4)
                                                                                      ->  Parallel Seq Scan on orders o  (cost=0.00..32184.39 rows=195661 width=4)
                                                                                            Filter: (o_orderpriority = ANY ('{1-URGENT,2-HIGH}'::bpchar[]))
                                                                          ->  Parallel Hash  (cost=20785.81..20785.81 rows=258039 width=8)
                                                                                ->  Parallel Seq Scan on partsupp ps  (cost=0.00..20785.81 rows=258039 width=8)
                                                                                      Filter: (ps_availqty > 0)
                                                        ->  Parallel Hash  (cost=5169.67..5169.67 rows=3367 width=4)
                                                              ->  Parallel Seq Scan on part  (cost=0.00..5169.67 rows=3367 width=4)
                                                                    Filter: ((p_name)::text ~~ 'co%'::text)
                                            ->  Sort  (cost=720.26..724.81 rows=1822 width=12)
                                                  Sort Key: supplier.s_suppkey
                                                  ->  Hash Semi Join  (cost=252.07..621.59 rows=1822 width=12)
                                                        Hash Cond: (supplier.s_suppkey = s.s_suppkey)
                                                        ->  Seq Scan on supplier  (cost=0.00..323.00 rows=10000 width=8)
                                                        ->  Hash  (cost=229.29..229.29 rows=1822 width=4)
                                                              ->  Nested Loop  (cost=7.62..229.29 rows=1822 width=4)
                                                                    ->  HashAggregate  (cost=2.48..2.53 rows=5 width=4)
                                                                          Group Key: n.n_nationkey
                                                                          ->  Hash Join  (cost=1.07..2.47 rows=5 width=4)
                                                                                Hash Cond: (n.n_regionkey = r.r_regionkey)
                                                                                ->  Seq Scan on nation n  (cost=0.00..1.25 rows=25 width=8)
                                                                                ->  Hash  (cost=1.06..1.06 rows=1 width=4)
                                                                                      ->  Seq Scan on region r  (cost=0.00..1.06 rows=1 width=4)
                                                                                            Filter: (r_name = 'EUROPE'::bpchar)
                                                                    ->  Bitmap Heap Scan on supplier s  (cost=5.14..41.71 rows=364 width=8)
                                                                          Recheck Cond: (s_nationkey = n.n_nationkey)
                                                                          Filter: (s_acctbal > '0'::numeric)
                                                                          ->  Bitmap Index Scan on idx_supplier_fk_s_nationkey  (cost=0.00..5.04 rows=400 width=0)
                                                                                Index Cond: (s_nationkey = n.n_nationkey)
                                      ->  Index Scan using idx_partsupp_pk on partsupp  (cost=0.42..0.46 rows=1 width=14)
                                            Index Cond: ((ps_partkey = lineitem.l_partkey) AND (ps_suppkey = lineitem.l_suppkey))
                                ->  Nested Loop Semi Join  (cost=0.71..0.78 rows=1 width=12)
                                      Join Filter: (ps_1.ps_suppkey = s_1.s_suppkey)
                                      ->  Index Scan using idx_partsupp_pk on partsupp ps_1  (cost=0.42..0.46 rows=1 width=8)
                                            Index Cond: ((ps_partkey = lineitem.l_partkey) AND (ps_suppkey = lineitem.l_suppkey))
                                            Filter: (ps_availqty > 100)
                                      ->  Index Scan using idx_supplier_pk on supplier s_1  (cost=0.29..0.31 rows=1 width=4)
                                            Index Cond: (s_suppkey = lineitem.l_suppkey)
                                            Filter: (s_acctbal > '0'::numeric)
                          ->  Index Scan using idx_orders_pk on orders  (cost=0.43..0.47 rows=1 width=8)
                                Index Cond: (o_orderkey = l.l_orderkey)
                    ->  Index Scan using idx_nation_pk on nation  (cost=0.14..0.16 rows=1 width=30)
                          Index Cond: (n_nationkey = supplier.s_nationkey)
JIT:
  Functions: 112
  Options: Inlining false, Optimization false, Expressions true, Deforming true

 select
        c_custkey,
        c_name,
        sum(l_extendedprice * (1 - l_discount)) as revenue,
        c_acctbal,
        n_name,
        c_address,
        c_phone,
        c_comment
FROM customer_view,
        orders,
        lineitem_view,
        nation
where
        c_custkey = o_custkey
        and l_orderkey = o_orderkey
        and o_orderdate >= date '1995-01-01'
        and o_orderdate < date '1995-01-01' + interval '3' month
        and l_returnflag = 'R'
        and c_nationkey = n_nationkey
group by
        c_custkey,
        c_name,
        c_acctbal,
        c_phone,
        n_name,
        c_address,
        c_comment
order by
        revenue desc
b"EXPLAIN select\n        c_custkey,\n        c_name,\n        sum(l_extendedprice * (1 - l_discount)) as revenue,\n        c_acctbal,\n        n_name,\n        c_address,\n        c_phone,\n        c_comment\nFROM customer_view,\n        orders,\n        lineitem_view,\n        nation\nwhere\n        c_custkey = o_custkey\n        and l_orderkey = o_orderkey\n        and o_orderdate >= date '1995-01-01'\n        and o_orderdate < date '1995-01-01' + interval '3' month\n        and l_returnflag = 'R'\n        and c_nationkey = n_nationkey\ngroup by\n        c_custkey,\n        c_name,\n        c_acctbal,\n        c_phone,\n        n_name,\n        c_address,\n        c_comment\norder by\n        revenue desc"

Pretty EXPLAIN output:
Sort  (cost=384165.89..384185.91 rows=8007 width=201)
  Sort Key: (sum((lineitem.l_extendedprice * ('1'::numeric - lineitem.l_discount)))) DESC
  ->  GroupAggregate  (cost=382378.25..383646.76 rows=8007 width=201)
        Group Key: customer.c_custkey, customer.c_name, customer.c_acctbal, customer.c_phone, nation.n_name, customer.c_address, customer.c_comment
        ->  Gather Merge  (cost=382378.25..383346.49 rows=8007 width=181)
              Workers Planned: 5
              ->  Sort  (cost=381378.17..381382.17 rows=1601 width=181)
                    Sort Key: customer.c_custkey, customer.c_name, customer.c_acctbal, customer.c_phone, nation.n_name, customer.c_address, customer.c_comment
                    ->  Hash Join  (cost=246910.18..381292.96 rows=1601 width=181)
                          Hash Cond: (customer.c_nationkey = nation.n_nationkey)
                          ->  Parallel Hash Semi Join  (cost=246908.62..381269.38 rows=1601 width=159)
                                Hash Cond: (customer.c_custkey = c.c_custkey)
                                ->  Nested Loop  (cost=241838.64..376170.04 rows=4404 width=163)
                                      ->  Parallel Hash Join  (cost=241838.22..372920.73 rows=4404 width=16)
                                            Hash Cond: (o.o_orderkey = orders.o_orderkey)
                                            ->  Parallel Hash Semi Join  (cost=208221.14..338841.55 rows=119438 width=24)
                                                  Hash Cond: ((lineitem.l_orderkey = o.o_orderkey) AND (lineitem.l_linenumber = l.l_linenumber))
                                                  ->  Parallel Seq Scan on lineitem  (cost=0.00..127606.60 rows=295370 width=20)
                                                        Filter: (l_returnflag = 'R'::bpchar)
                                                  ->  Parallel Hash  (cost=200939.33..200939.33 rows=485454 width=12)
                                                        ->  Parallel Hash Semi Join  (cost=59286.54..200939.33 rows=485454 width=12)
                                                              Hash Cond: ((l.l_partkey = ps.ps_partkey) AND (l.l_suppkey = ps.ps_suppkey))
                                                              ->  Parallel Hash Semi Join  (cost=34630.15..167787.50 rows=485454 width=20)
                                                                    Hash Cond: (l.l_orderkey = o.o_orderkey)
                                                                    ->  Parallel Seq Scan on lineitem l  (cost=0.00..124605.28 rows=1200528 width=16)
                                                                    ->  Parallel Hash  (cost=32184.39..32184.39 rows=195661 width=4)
                                                                          ->  Parallel Seq Scan on orders o  (cost=0.00..32184.39 rows=195661 width=4)
                                                                                Filter: (o_orderpriority = ANY ('{1-URGENT,2-HIGH}'::bpchar[]))
                                                              ->  Parallel Hash  (cost=20785.81..20785.81 rows=258039 width=8)
                                                                    ->  Parallel Seq Scan on partsupp ps  (cost=0.00..20785.81 rows=258039 width=8)
                                                                          Filter: (ps_availqty > 0)
                                            ->  Parallel Hash  (cost=33394.06..33394.06 rows=17841 width=8)
                                                  ->  Parallel Seq Scan on orders  (cost=0.00..33394.06 rows=17841 width=8)
                                                        Filter: ((o_orderdate >= '1995-01-01'::date) AND (o_orderdate < '1995-04-01 00:00:00'::timestamp without time zone))
                                      ->  Index Scan using idx_customer_pk on customer  (cost=0.42..0.73 rows=1 width=147)
                                            Index Cond: (c_custkey = orders.o_custkey)
                                ->  Parallel Hash  (cost=4785.89..4785.89 rows=22727 width=4)
                                      ->  Hash Semi Join  (cost=2.66..4785.89 rows=22727 width=4)
                                            Hash Cond: (c.c_nationkey = n.n_nationkey)
                                            ->  Parallel Seq Scan on customer c  (cost=0.00..4381.25 rows=56817 width=8)
                                                  Filter: (c_acctbal > '0'::numeric)
                                            ->  Hash  (cost=2.53..2.53 rows=10 width=4)
                                                  ->  Hash Join  (cost=1.09..2.53 rows=10 width=4)
                                                        Hash Cond: (n.n_regionkey = r.r_regionkey)
                                                        ->  Seq Scan on nation n  (cost=0.00..1.25 rows=25 width=8)
                                                        ->  Hash  (cost=1.06..1.06 rows=2 width=4)
                                                              ->  Seq Scan on region r  (cost=0.00..1.06 rows=2 width=4)
                                                                    Filter: (r_name = ANY ('{EUROPE,AMERICA}'::bpchar[]))
                          ->  Hash  (cost=1.25..1.25 rows=25 width=30)
                                ->  Seq Scan on nation  (cost=0.00..1.25 rows=25 width=30)
JIT:
  Functions: 85
  Options: Inlining false, Optimization false, Expressions true, Deforming true
b"EXPLAIN select\n        c_custkey,\n        c_name,\n        sum(l_extendedprice * (1 - l_discount)) as revenue,\n        c_acctbal,\n        n_name,\n        c_address,\n        c_phone,\n        c_comment\nFROM customer_view,\n        orders,\n        lineitem_view,\n        nation\nwhere\n        c_custkey = o_custkey\n        and l_orderkey = o_orderkey\n        and o_orderdate >= date '1995-01-01'\n        and o_orderdate < date '1995-01-01' + interval '3' month\n        and l_returnflag = 'R'\n        and c_nationkey = n_nationkey\ngroup by\n        c_custkey,\n        c_name,\n        c_acctbal,\n        c_phone,\n        n_name,\n        c_address,\n        c_comment\norder by\n        revenue desc"

Pretty EXPLAIN output:
Sort  (cost=384165.89..384185.91 rows=8007 width=201)
  Sort Key: (sum((lineitem.l_extendedprice * ('1'::numeric - lineitem.l_discount)))) DESC
  ->  GroupAggregate  (cost=382378.25..383646.76 rows=8007 width=201)
        Group Key: customer.c_custkey, customer.c_name, customer.c_acctbal, customer.c_phone, nation.n_name, customer.c_address, customer.c_comment
        ->  Gather Merge  (cost=382378.25..383346.49 rows=8007 width=181)
              Workers Planned: 5
              ->  Sort  (cost=381378.17..381382.17 rows=1601 width=181)
                    Sort Key: customer.c_custkey, customer.c_name, customer.c_acctbal, customer.c_phone, nation.n_name, customer.c_address, customer.c_comment
                    ->  Hash Join  (cost=246910.18..381292.96 rows=1601 width=181)
                          Hash Cond: (customer.c_nationkey = nation.n_nationkey)
                          ->  Parallel Hash Semi Join  (cost=246908.62..381269.38 rows=1601 width=159)
                                Hash Cond: (customer.c_custkey = c.c_custkey)
                                ->  Nested Loop  (cost=241838.64..376170.04 rows=4404 width=163)
                                      ->  Parallel Hash Join  (cost=241838.22..372920.73 rows=4404 width=16)
                                            Hash Cond: (o.o_orderkey = orders.o_orderkey)
                                            ->  Parallel Hash Semi Join  (cost=208221.14..338841.55 rows=119438 width=24)
                                                  Hash Cond: ((lineitem.l_orderkey = o.o_orderkey) AND (lineitem.l_linenumber = l.l_linenumber))
                                                  ->  Parallel Seq Scan on lineitem  (cost=0.00..127606.60 rows=295370 width=20)
                                                        Filter: (l_returnflag = 'R'::bpchar)
                                                  ->  Parallel Hash  (cost=200939.33..200939.33 rows=485454 width=12)
                                                        ->  Parallel Hash Semi Join  (cost=59286.54..200939.33 rows=485454 width=12)
                                                              Hash Cond: ((l.l_partkey = ps.ps_partkey) AND (l.l_suppkey = ps.ps_suppkey))
                                                              ->  Parallel Hash Semi Join  (cost=34630.15..167787.50 rows=485454 width=20)
                                                                    Hash Cond: (l.l_orderkey = o.o_orderkey)
                                                                    ->  Parallel Seq Scan on lineitem l  (cost=0.00..124605.28 rows=1200528 width=16)
                                                                    ->  Parallel Hash  (cost=32184.39..32184.39 rows=195661 width=4)
                                                                          ->  Parallel Seq Scan on orders o  (cost=0.00..32184.39 rows=195661 width=4)
                                                                                Filter: (o_orderpriority = ANY ('{1-URGENT,2-HIGH}'::bpchar[]))
                                                              ->  Parallel Hash  (cost=20785.81..20785.81 rows=258039 width=8)
                                                                    ->  Parallel Seq Scan on partsupp ps  (cost=0.00..20785.81 rows=258039 width=8)
                                                                          Filter: (ps_availqty > 0)
                                            ->  Parallel Hash  (cost=33394.06..33394.06 rows=17841 width=8)
                                                  ->  Parallel Seq Scan on orders  (cost=0.00..33394.06 rows=17841 width=8)
                                                        Filter: ((o_orderdate >= '1995-01-01'::date) AND (o_orderdate < '1995-04-01 00:00:00'::timestamp without time zone))
                                      ->  Index Scan using idx_customer_pk on customer  (cost=0.42..0.73 rows=1 width=147)
                                            Index Cond: (c_custkey = orders.o_custkey)
                                ->  Parallel Hash  (cost=4785.89..4785.89 rows=22727 width=4)
                                      ->  Hash Semi Join  (cost=2.66..4785.89 rows=22727 width=4)
                                            Hash Cond: (c.c_nationkey = n.n_nationkey)
                                            ->  Parallel Seq Scan on customer c  (cost=0.00..4381.25 rows=56817 width=8)
                                                  Filter: (c_acctbal > '0'::numeric)
                                            ->  Hash  (cost=2.53..2.53 rows=10 width=4)
                                                  ->  Hash Join  (cost=1.09..2.53 rows=10 width=4)
                                                        Hash Cond: (n.n_regionkey = r.r_regionkey)
                                                        ->  Seq Scan on nation n  (cost=0.00..1.25 rows=25 width=8)
                                                        ->  Hash  (cost=1.06..1.06 rows=2 width=4)
                                                              ->  Seq Scan on region r  (cost=0.00..1.06 rows=2 width=4)
                                                                    Filter: (r_name = ANY ('{EUROPE,AMERICA}'::bpchar[]))
                          ->  Hash  (cost=1.25..1.25 rows=25 width=30)
                                ->  Seq Scan on nation  (cost=0.00..1.25 rows=25 width=30)
JIT:
  Functions: 85
  Options: Inlining false, Optimization false, Expressions true, Deforming true

 SELECT
    ps_partkey, n_name,
    SUM(ps_supplycost * ps_availqty) AS total_value
FROM partsupp_view, supplier_view, nation 
where
    ps_suppkey = s_suppkey
        and s_nationkey = n_nationkey
        and n_name = 'INDIA'
GROUP BY
    ps_partkey, n_name
HAVING
    SUM(ps_supplycost * ps_availqty) > (
        SELECT SUM(ps_supplycost * ps_availqty) * 0.00001
        FROM partsupp_view, supplier_view, nation WHERE 
        ps_suppkey = s_suppkey
        and s_nationkey = n_nationkey
        and n_name = 'INDIA'
    )
ORDER BY
    total_value DESC
b"EXPLAIN SELECT\n    ps_partkey, n_name,\n    SUM(ps_supplycost * ps_availqty) AS total_value\nFROM partsupp_view, supplier_view, nation \nwhere\n    ps_suppkey = s_suppkey\n        and s_nationkey = n_nationkey\n        and n_name = 'INDIA'\nGROUP BY\n    ps_partkey, n_name\nHAVING\n    SUM(ps_supplycost * ps_availqty) > (\n        SELECT SUM(ps_supplycost * ps_availqty) * 0.00001\n        FROM partsupp_view, supplier_view, nation WHERE \n        ps_suppkey = s_suppkey\n        and s_nationkey = n_nationkey\n        and n_name = 'INDIA'\n    )\nORDER BY\n    total_value DESC"

Pretty EXPLAIN output:
Sort  (cost=12853.35..12857.76 rows=1763 width=62)
  Sort Key: (sum((partsupp.ps_supplycost * (partsupp.ps_availqty)::numeric))) DESC
  InitPlan 1
    ->  Aggregate  (cost=6332.86..6332.88 rows=1 width=32)
          ->  Nested Loop Semi Join  (cost=259.72..6293.19 rows=5289 width=10)
                ->  Nested Loop  (cost=259.01..1211.81 rows=5807 width=26)
                      ->  Hash Right Semi Join  (cost=258.58..487.82 rows=73 width=8)
                            Hash Cond: (s_3.s_suppkey = supplier_1.s_suppkey)
                            ->  Nested Loop  (cost=7.62..229.29 rows=1822 width=4)
                                  ->  HashAggregate  (cost=2.48..2.53 rows=5 width=4)
                                        Group Key: n_1.n_nationkey
                                        ->  Hash Join  (cost=1.07..2.47 rows=5 width=4)
                                              Hash Cond: (n_1.n_regionkey = r_1.r_regionkey)
                                              ->  Seq Scan on nation n_1  (cost=0.00..1.25 rows=25 width=8)
                                              ->  Hash  (cost=1.06..1.06 rows=1 width=4)
                                                    ->  Seq Scan on region r_1  (cost=0.00..1.06 rows=1 width=4)
                                                          Filter: (r_name = 'EUROPE'::bpchar)
                                  ->  Bitmap Heap Scan on supplier s_3  (cost=5.14..41.71 rows=364 width=8)
                                        Recheck Cond: (s_nationkey = n_1.n_nationkey)
                                        Filter: (s_acctbal > '0'::numeric)
                                        ->  Bitmap Index Scan on idx_supplier_fk_s_nationkey  (cost=0.00..5.04 rows=400 width=0)
                                              Index Cond: (s_nationkey = n_1.n_nationkey)
                            ->  Hash  (cost=245.96..245.96 rows=400 width=4)
                                  ->  Nested Loop  (cost=7.38..245.96 rows=400 width=4)
                                        ->  Seq Scan on nation nation_1  (cost=0.00..1.31 rows=1 width=4)
                                              Filter: (n_name = 'INDIA'::bpchar)
                                        ->  Bitmap Heap Scan on supplier supplier_1  (cost=7.38..240.65 rows=400 width=8)
                                              Recheck Cond: (nation_1.n_nationkey = s_nationkey)
                                              ->  Bitmap Index Scan on idx_supplier_fk_s_nationkey  (cost=0.00..7.29 rows=400 width=0)
                                                    Index Cond: (s_nationkey = nation_1.n_nationkey)
                      ->  Index Scan using idx_partsupp_fk_ps_suppkey on partsupp partsupp_1  (cost=0.42..9.12 rows=80 width=18)
                            Index Cond: (ps_suppkey = supplier_1.s_suppkey)
                ->  Nested Loop Semi Join  (cost=0.71..0.87 rows=1 width=12)
                      Join Filter: (ps_1.ps_suppkey = s_2.s_suppkey)
                      ->  Index Scan using idx_partsupp_pk on partsupp ps_1  (cost=0.42..0.55 rows=1 width=8)
                            Index Cond: ((ps_partkey = partsupp_1.ps_partkey) AND (ps_suppkey = partsupp_1.ps_suppkey))
                            Filter: (ps_availqty > 100)
                      ->  Index Scan using idx_supplier_pk on supplier s_2  (cost=0.29..0.31 rows=1 width=4)
                            Index Cond: (s_suppkey = partsupp_1.ps_suppkey)
                            Filter: (s_acctbal > '0'::numeric)
  ->  HashAggregate  (cost=6346.08..6425.42 rows=1763 width=62)
        Group Key: partsupp.ps_partkey
        Filter: (sum((partsupp.ps_supplycost * (partsupp.ps_availqty)::numeric)) > (InitPlan 1).col1)
        ->  Nested Loop Semi Join  (cost=259.72..6293.19 rows=5289 width=40)
              ->  Nested Loop  (cost=259.01..1211.81 rows=5807 width=52)
                    ->  Hash Right Semi Join  (cost=258.58..487.82 rows=73 width=34)
                          Hash Cond: (s_1.s_suppkey = supplier.s_suppkey)
                          ->  Nested Loop  (cost=7.62..229.29 rows=1822 width=4)
                                ->  HashAggregate  (cost=2.48..2.53 rows=5 width=4)
                                      Group Key: n.n_nationkey
                                      ->  Hash Join  (cost=1.07..2.47 rows=5 width=4)
                                            Hash Cond: (n.n_regionkey = r.r_regionkey)
                                            ->  Seq Scan on nation n  (cost=0.00..1.25 rows=25 width=8)
                                            ->  Hash  (cost=1.06..1.06 rows=1 width=4)
                                                  ->  Seq Scan on region r  (cost=0.00..1.06 rows=1 width=4)
                                                        Filter: (r_name = 'EUROPE'::bpchar)
                                ->  Bitmap Heap Scan on supplier s_1  (cost=5.14..41.71 rows=364 width=8)
                                      Recheck Cond: (s_nationkey = n.n_nationkey)
                                      Filter: (s_acctbal > '0'::numeric)
                                      ->  Bitmap Index Scan on idx_supplier_fk_s_nationkey  (cost=0.00..5.04 rows=400 width=0)
                                            Index Cond: (s_nationkey = n.n_nationkey)
                          ->  Hash  (cost=245.96..245.96 rows=400 width=30)
                                ->  Nested Loop  (cost=7.38..245.96 rows=400 width=30)
                                      ->  Seq Scan on nation  (cost=0.00..1.31 rows=1 width=30)
                                            Filter: (n_name = 'INDIA'::bpchar)
                                      ->  Bitmap Heap Scan on supplier  (cost=7.38..240.65 rows=400 width=8)
                                            Recheck Cond: (nation.n_nationkey = s_nationkey)
                                            ->  Bitmap Index Scan on idx_supplier_fk_s_nationkey  (cost=0.00..7.29 rows=400 width=0)
                                                  Index Cond: (s_nationkey = nation.n_nationkey)
                    ->  Index Scan using idx_partsupp_fk_ps_suppkey on partsupp  (cost=0.42..9.12 rows=80 width=18)
                          Index Cond: (ps_suppkey = supplier.s_suppkey)
              ->  Nested Loop Semi Join  (cost=0.71..0.87 rows=1 width=12)
                    Join Filter: (ps.ps_suppkey = s.s_suppkey)
                    ->  Index Scan using idx_partsupp_pk on partsupp ps  (cost=0.42..0.55 rows=1 width=8)
                          Index Cond: ((ps_partkey = partsupp.ps_partkey) AND (ps_suppkey = partsupp.ps_suppkey))
                          Filter: (ps_availqty > 100)
                    ->  Index Scan using idx_supplier_pk on supplier s  (cost=0.29..0.31 rows=1 width=4)
                          Index Cond: (s_suppkey = partsupp.ps_suppkey)
                          Filter: (s_acctbal > '0'::numeric)
b"EXPLAIN SELECT\n    ps_partkey, n_name,\n    SUM(ps_supplycost * ps_availqty) AS total_value\nFROM partsupp_view, supplier_view, nation \nwhere\n    ps_suppkey = s_suppkey\n        and s_nationkey = n_nationkey\n        and n_name = 'INDIA'\nGROUP BY\n    ps_partkey, n_name\nHAVING\n    SUM(ps_supplycost * ps_availqty) > (\n        SELECT SUM(ps_supplycost * ps_availqty) * 0.00001\n        FROM partsupp_view, supplier_view, nation WHERE \n        ps_suppkey = s_suppkey\n        and s_nationkey = n_nationkey\n        and n_name = 'INDIA'\n    )\nORDER BY\n    total_value DESC"

Pretty EXPLAIN output:
Sort  (cost=12853.35..12857.76 rows=1763 width=62)
  Sort Key: (sum((partsupp.ps_supplycost * (partsupp.ps_availqty)::numeric))) DESC
  InitPlan 1
    ->  Aggregate  (cost=6332.86..6332.88 rows=1 width=32)
          ->  Nested Loop Semi Join  (cost=259.72..6293.19 rows=5289 width=10)
                ->  Nested Loop  (cost=259.01..1211.81 rows=5807 width=26)
                      ->  Hash Right Semi Join  (cost=258.58..487.82 rows=73 width=8)
                            Hash Cond: (s_3.s_suppkey = supplier_1.s_suppkey)
                            ->  Nested Loop  (cost=7.62..229.29 rows=1822 width=4)
                                  ->  HashAggregate  (cost=2.48..2.53 rows=5 width=4)
                                        Group Key: n_1.n_nationkey
                                        ->  Hash Join  (cost=1.07..2.47 rows=5 width=4)
                                              Hash Cond: (n_1.n_regionkey = r_1.r_regionkey)
                                              ->  Seq Scan on nation n_1  (cost=0.00..1.25 rows=25 width=8)
                                              ->  Hash  (cost=1.06..1.06 rows=1 width=4)
                                                    ->  Seq Scan on region r_1  (cost=0.00..1.06 rows=1 width=4)
                                                          Filter: (r_name = 'EUROPE'::bpchar)
                                  ->  Bitmap Heap Scan on supplier s_3  (cost=5.14..41.71 rows=364 width=8)
                                        Recheck Cond: (s_nationkey = n_1.n_nationkey)
                                        Filter: (s_acctbal > '0'::numeric)
                                        ->  Bitmap Index Scan on idx_supplier_fk_s_nationkey  (cost=0.00..5.04 rows=400 width=0)
                                              Index Cond: (s_nationkey = n_1.n_nationkey)
                            ->  Hash  (cost=245.96..245.96 rows=400 width=4)
                                  ->  Nested Loop  (cost=7.38..245.96 rows=400 width=4)
                                        ->  Seq Scan on nation nation_1  (cost=0.00..1.31 rows=1 width=4)
                                              Filter: (n_name = 'INDIA'::bpchar)
                                        ->  Bitmap Heap Scan on supplier supplier_1  (cost=7.38..240.65 rows=400 width=8)
                                              Recheck Cond: (nation_1.n_nationkey = s_nationkey)
                                              ->  Bitmap Index Scan on idx_supplier_fk_s_nationkey  (cost=0.00..7.29 rows=400 width=0)
                                                    Index Cond: (s_nationkey = nation_1.n_nationkey)
                      ->  Index Scan using idx_partsupp_fk_ps_suppkey on partsupp partsupp_1  (cost=0.42..9.12 rows=80 width=18)
                            Index Cond: (ps_suppkey = supplier_1.s_suppkey)
                ->  Nested Loop Semi Join  (cost=0.71..0.87 rows=1 width=12)
                      Join Filter: (ps_1.ps_suppkey = s_2.s_suppkey)
                      ->  Index Scan using idx_partsupp_pk on partsupp ps_1  (cost=0.42..0.55 rows=1 width=8)
                            Index Cond: ((ps_partkey = partsupp_1.ps_partkey) AND (ps_suppkey = partsupp_1.ps_suppkey))
                            Filter: (ps_availqty > 100)
                      ->  Index Scan using idx_supplier_pk on supplier s_2  (cost=0.29..0.31 rows=1 width=4)
                            Index Cond: (s_suppkey = partsupp_1.ps_suppkey)
                            Filter: (s_acctbal > '0'::numeric)
  ->  HashAggregate  (cost=6346.08..6425.42 rows=1763 width=62)
        Group Key: partsupp.ps_partkey
        Filter: (sum((partsupp.ps_supplycost * (partsupp.ps_availqty)::numeric)) > (InitPlan 1).col1)
        ->  Nested Loop Semi Join  (cost=259.72..6293.19 rows=5289 width=40)
              ->  Nested Loop  (cost=259.01..1211.81 rows=5807 width=52)
                    ->  Hash Right Semi Join  (cost=258.58..487.82 rows=73 width=34)
                          Hash Cond: (s_1.s_suppkey = supplier.s_suppkey)
                          ->  Nested Loop  (cost=7.62..229.29 rows=1822 width=4)
                                ->  HashAggregate  (cost=2.48..2.53 rows=5 width=4)
                                      Group Key: n.n_nationkey
                                      ->  Hash Join  (cost=1.07..2.47 rows=5 width=4)
                                            Hash Cond: (n.n_regionkey = r.r_regionkey)
                                            ->  Seq Scan on nation n  (cost=0.00..1.25 rows=25 width=8)
                                            ->  Hash  (cost=1.06..1.06 rows=1 width=4)
                                                  ->  Seq Scan on region r  (cost=0.00..1.06 rows=1 width=4)
                                                        Filter: (r_name = 'EUROPE'::bpchar)
                                ->  Bitmap Heap Scan on supplier s_1  (cost=5.14..41.71 rows=364 width=8)
                                      Recheck Cond: (s_nationkey = n.n_nationkey)
                                      Filter: (s_acctbal > '0'::numeric)
                                      ->  Bitmap Index Scan on idx_supplier_fk_s_nationkey  (cost=0.00..5.04 rows=400 width=0)
                                            Index Cond: (s_nationkey = n.n_nationkey)
                          ->  Hash  (cost=245.96..245.96 rows=400 width=30)
                                ->  Nested Loop  (cost=7.38..245.96 rows=400 width=30)
                                      ->  Seq Scan on nation  (cost=0.00..1.31 rows=1 width=30)
                                            Filter: (n_name = 'INDIA'::bpchar)
                                      ->  Bitmap Heap Scan on supplier  (cost=7.38..240.65 rows=400 width=8)
                                            Recheck Cond: (nation.n_nationkey = s_nationkey)
                                            ->  Bitmap Index Scan on idx_supplier_fk_s_nationkey  (cost=0.00..7.29 rows=400 width=0)
                                                  Index Cond: (s_nationkey = nation.n_nationkey)
                    ->  Index Scan using idx_partsupp_fk_ps_suppkey on partsupp  (cost=0.42..9.12 rows=80 width=18)
                          Index Cond: (ps_suppkey = supplier.s_suppkey)
              ->  Nested Loop Semi Join  (cost=0.71..0.87 rows=1 width=12)
                    Join Filter: (ps.ps_suppkey = s.s_suppkey)
                    ->  Index Scan using idx_partsupp_pk on partsupp ps  (cost=0.42..0.55 rows=1 width=8)
                          Index Cond: ((ps_partkey = partsupp.ps_partkey) AND (ps_suppkey = partsupp.ps_suppkey))
                          Filter: (ps_availqty > 100)
                    ->  Index Scan using idx_supplier_pk on supplier s  (cost=0.29..0.31 rows=1 width=4)
                          Index Cond: (s_suppkey = partsupp.ps_suppkey)
                          Filter: (s_acctbal > '0'::numeric)

 select
        l_shipmode,
        sum(case
                when o_orderpriority = '1-URGENT'
                        or o_orderpriority = '2-HIGH'
                        then 1
                else 0
        end) as high_line_count,
        sum(case
                when o_orderpriority <> '1-URGENT'
                        and o_orderpriority <> '2-HIGH'
                        then 1
                else 0
        end) as low_line_count
from
        orders,
        lineitem_view
where
        o_orderkey = l_orderkey
        and l_shipmode = 'SHIP'
        and l_commitdate < l_receiptdate
        and l_shipdate < l_commitdate
        and l_receiptdate >= date '1995-01-01'
        and l_receiptdate < date '1995-01-01' + interval '1' year
group by
        l_shipmode
order by
        l_shipmode
b"EXPLAIN select\n        l_shipmode,\n        sum(case\n                when o_orderpriority = '1-URGENT'\n                        or o_orderpriority = '2-HIGH'\n                        then 1\n                else 0\n        end) as high_line_count,\n        sum(case\n                when o_orderpriority <> '1-URGENT'\n                        and o_orderpriority <> '2-HIGH'\n                        then 1\n                else 0\n        end) as low_line_count\nfrom\n        orders,\n        lineitem_view\nwhere\n        o_orderkey = l_orderkey\n        and l_shipmode = 'SHIP'\n        and l_commitdate < l_receiptdate\n        and l_shipdate < l_commitdate\n        and l_receiptdate >= date '1995-01-01'\n        and l_receiptdate < date '1995-01-01' + interval '1' year\ngroup by\n        l_shipmode\norder by\n        l_shipmode"

Pretty EXPLAIN output:
Finalize GroupAggregate  (cost=1001.83..162177.77 rows=1 width=27)
  ->  Gather  (cost=1001.83..162177.74 rows=5 width=27)
        Workers Planned: 5
        ->  Partial GroupAggregate  (cost=1.83..161177.24 rows=1 width=27)
              ->  Nested Loop Semi Join  (cost=1.83..161174.06 rows=211 width=27)
                    Join Filter: ((lineitem.l_orderkey = o.o_orderkey) AND (l.l_linenumber = lineitem.l_linenumber))
                    ->  Nested Loop  (cost=0.43..153418.78 rows=2939 width=39)
                          ->  Parallel Seq Scan on lineitem  (cost=0.00..139611.89 rows=2939 width=19)
                                Filter: ((l_commitdate < l_receiptdate) AND (l_shipdate < l_commitdate) AND (l_receiptdate >= '1995-01-01'::date) AND (l_receiptdate < '1996-01-01 00:00:00'::timestamp without time zone) AND (l_shipmode = 'SHIP'::bpchar))
                          ->  Index Scan using idx_orders_pk on orders  (cost=0.43..4.69 rows=1 width=20)
                                Index Cond: (o_orderkey = lineitem.l_orderkey)
                    ->  Nested Loop Semi Join  (cost=1.40..2.61 rows=2 width=12)
                          ->  Hash Semi Join  (cost=0.97..1.67 rows=2 width=20)
                                Hash Cond: (l.l_orderkey = o.o_orderkey)
                                ->  Index Scan using idx_lineitem_fk_l_orderkey on lineitem l  (cost=0.43..1.02 rows=15 width=16)
                                      Index Cond: (l_orderkey = orders.o_orderkey)
                                ->  Hash  (cost=0.53..0.53 rows=1 width=4)
                                      ->  Index Scan using idx_orders_pk on orders o  (cost=0.43..0.53 rows=1 width=4)
                                            Index Cond: (o_orderkey = orders.o_orderkey)
                                            Filter: (o_orderpriority = ANY ('{1-URGENT,2-HIGH}'::bpchar[]))
                          ->  Index Scan using idx_partsupp_pk on partsupp ps  (cost=0.42..0.46 rows=1 width=8)
                                Index Cond: ((ps_partkey = l.l_partkey) AND (ps_suppkey = l.l_suppkey))
                                Filter: (ps_availqty > 0)
JIT:
  Functions: 35
  Options: Inlining false, Optimization false, Expressions true, Deforming true
b"EXPLAIN select\n        l_shipmode,\n        sum(case\n                when o_orderpriority = '1-URGENT'\n                        or o_orderpriority = '2-HIGH'\n                        then 1\n                else 0\n        end) as high_line_count,\n        sum(case\n                when o_orderpriority <> '1-URGENT'\n                        and o_orderpriority <> '2-HIGH'\n                        then 1\n                else 0\n        end) as low_line_count\nfrom\n        orders,\n        lineitem_view\nwhere\n        o_orderkey = l_orderkey\n        and l_shipmode = 'SHIP'\n        and l_commitdate < l_receiptdate\n        and l_shipdate < l_commitdate\n        and l_receiptdate >= date '1995-01-01'\n        and l_receiptdate < date '1995-01-01' + interval '1' year\ngroup by\n        l_shipmode\norder by\n        l_shipmode"

Pretty EXPLAIN output:
Finalize GroupAggregate  (cost=1001.83..162177.77 rows=1 width=27)
  ->  Gather  (cost=1001.83..162177.74 rows=5 width=27)
        Workers Planned: 5
        ->  Partial GroupAggregate  (cost=1.83..161177.24 rows=1 width=27)
              ->  Nested Loop Semi Join  (cost=1.83..161174.06 rows=211 width=27)
                    Join Filter: ((lineitem.l_orderkey = o.o_orderkey) AND (l.l_linenumber = lineitem.l_linenumber))
                    ->  Nested Loop  (cost=0.43..153418.78 rows=2939 width=39)
                          ->  Parallel Seq Scan on lineitem  (cost=0.00..139611.89 rows=2939 width=19)
                                Filter: ((l_commitdate < l_receiptdate) AND (l_shipdate < l_commitdate) AND (l_receiptdate >= '1995-01-01'::date) AND (l_receiptdate < '1996-01-01 00:00:00'::timestamp without time zone) AND (l_shipmode = 'SHIP'::bpchar))
                          ->  Index Scan using idx_orders_pk on orders  (cost=0.43..4.69 rows=1 width=20)
                                Index Cond: (o_orderkey = lineitem.l_orderkey)
                    ->  Nested Loop Semi Join  (cost=1.40..2.61 rows=2 width=12)
                          ->  Hash Semi Join  (cost=0.97..1.67 rows=2 width=20)
                                Hash Cond: (l.l_orderkey = o.o_orderkey)
                                ->  Index Scan using idx_lineitem_fk_l_orderkey on lineitem l  (cost=0.43..1.02 rows=15 width=16)
                                      Index Cond: (l_orderkey = orders.o_orderkey)
                                ->  Hash  (cost=0.53..0.53 rows=1 width=4)
                                      ->  Index Scan using idx_orders_pk on orders o  (cost=0.43..0.53 rows=1 width=4)
                                            Index Cond: (o_orderkey = orders.o_orderkey)
                                            Filter: (o_orderpriority = ANY ('{1-URGENT,2-HIGH}'::bpchar[]))
                          ->  Index Scan using idx_partsupp_pk on partsupp ps  (cost=0.42..0.46 rows=1 width=8)
                                Index Cond: ((ps_partkey = l.l_partkey) AND (ps_suppkey = l.l_suppkey))
                                Filter: (ps_availqty > 0)
JIT:
  Functions: 35
  Options: Inlining false, Optimization false, Expressions true, Deforming true

 select
        c_count, c_orderdate,
        count(*) as custdist
from
        (
                select
                        c_custkey, o_orderdate,
                        count(o_orderkey)
                FROM customer_view left outer join orders on
                                c_custkey = o_custkey
                                and o_comment not like '%special%requests%'
                group by
                        c_custkey, o_orderdate
        ) as c_orders (c_custkey, c_count, c_orderdate)
group by
        c_count, c_orderdate
order by
        custdist desc,
        c_count desc
b"EXPLAIN select\n        c_count, c_orderdate,\n        count(*) as custdist\nfrom\n        (\n                select\n                        c_custkey, o_orderdate,\n                        count(o_orderkey)\n                FROM customer_view left outer join orders on\n                                c_custkey = o_custkey\n                                and o_comment not like '%special%requests%'\n                group by\n                        c_custkey, o_orderdate\n        ) as c_orders (c_custkey, c_count, c_orderdate)\ngroup by\n        c_count, c_orderdate\norder by\n        custdist desc,\n        c_count desc"

Pretty EXPLAIN output:
Sort  (cost=90626.85..90726.85 rows=40000 width=20)
  Sort Key: (count(*)) DESC, orders.o_orderdate DESC
  ->  HashAggregate  (cost=87169.31..87569.31 rows=40000 width=20)
        Group Key: orders.o_orderdate, count(orders.o_orderkey)
        ->  HashAggregate  (cost=72472.73..77816.94 rows=534421 width=16)
              Group Key: customer.c_custkey, orders.o_orderdate
              ->  Hash Right Join  (cost=12723.00..68464.57 rows=534421 width=12)
                    Hash Cond: (orders.o_custkey = customer.c_custkey)
                    ->  Seq Scan on orders  (cost=0.00..44886.00 rows=1469697 width=12)
                          Filter: ((o_comment)::text !~~ '%special%requests%'::text)
                    ->  Hash  (cost=12041.20..12041.20 rows=54544 width=4)
                          ->  Hash Semi Join  (cost=7124.62..12041.20 rows=54544 width=4)
                                Hash Cond: (customer.c_custkey = c.c_custkey)
                                ->  Index Only Scan using idx_customer_pk on customer  (cost=0.42..3916.44 rows=150000 width=4)
                                ->  Hash  (cost=6442.40..6442.40 rows=54544 width=4)
                                      ->  Hash Semi Join  (cost=2.66..6442.40 rows=54544 width=4)
                                            Hash Cond: (c.c_nationkey = n.n_nationkey)
                                            ->  Seq Scan on customer c  (cost=0.00..5475.00 rows=136360 width=8)
                                                  Filter: (c_acctbal > '0'::numeric)
                                            ->  Hash  (cost=2.53..2.53 rows=10 width=4)
                                                  ->  Hash Join  (cost=1.09..2.53 rows=10 width=4)
                                                        Hash Cond: (n.n_regionkey = r.r_regionkey)
                                                        ->  Seq Scan on nation n  (cost=0.00..1.25 rows=25 width=8)
                                                        ->  Hash  (cost=1.06..1.06 rows=2 width=4)
                                                              ->  Seq Scan on region r  (cost=0.00..1.06 rows=2 width=4)
                                                                    Filter: (r_name = ANY ('{EUROPE,AMERICA}'::bpchar[]))
b"EXPLAIN select\n        c_count, c_orderdate,\n        count(*) as custdist\nfrom\n        (\n                select\n                        c_custkey, o_orderdate,\n                        count(o_orderkey)\n                FROM customer_view left outer join orders on\n                                c_custkey = o_custkey\n                                and o_comment not like '%special%requests%'\n                group by\n                        c_custkey, o_orderdate\n        ) as c_orders (c_custkey, c_count, c_orderdate)\ngroup by\n        c_count, c_orderdate\norder by\n        custdist desc,\n        c_count desc"

Pretty EXPLAIN output:
Sort  (cost=90626.85..90726.85 rows=40000 width=20)
  Sort Key: (count(*)) DESC, orders.o_orderdate DESC
  ->  HashAggregate  (cost=87169.31..87569.31 rows=40000 width=20)
        Group Key: orders.o_orderdate, count(orders.o_orderkey)
        ->  HashAggregate  (cost=72472.73..77816.94 rows=534421 width=16)
              Group Key: customer.c_custkey, orders.o_orderdate
              ->  Hash Right Join  (cost=12723.00..68464.57 rows=534421 width=12)
                    Hash Cond: (orders.o_custkey = customer.c_custkey)
                    ->  Seq Scan on orders  (cost=0.00..44886.00 rows=1469697 width=12)
                          Filter: ((o_comment)::text !~~ '%special%requests%'::text)
                    ->  Hash  (cost=12041.20..12041.20 rows=54544 width=4)
                          ->  Hash Semi Join  (cost=7124.62..12041.20 rows=54544 width=4)
                                Hash Cond: (customer.c_custkey = c.c_custkey)
                                ->  Index Only Scan using idx_customer_pk on customer  (cost=0.42..3916.44 rows=150000 width=4)
                                ->  Hash  (cost=6442.40..6442.40 rows=54544 width=4)
                                      ->  Hash Semi Join  (cost=2.66..6442.40 rows=54544 width=4)
                                            Hash Cond: (c.c_nationkey = n.n_nationkey)
                                            ->  Seq Scan on customer c  (cost=0.00..5475.00 rows=136360 width=8)
                                                  Filter: (c_acctbal > '0'::numeric)
                                            ->  Hash  (cost=2.53..2.53 rows=10 width=4)
                                                  ->  Hash Join  (cost=1.09..2.53 rows=10 width=4)
                                                        Hash Cond: (n.n_regionkey = r.r_regionkey)
                                                        ->  Seq Scan on nation n  (cost=0.00..1.25 rows=25 width=8)
                                                        ->  Hash  (cost=1.06..1.06 rows=2 width=4)
                                                              ->  Seq Scan on region r  (cost=0.00..1.06 rows=2 width=4)
                                                                    Filter: (r_name = ANY ('{EUROPE,AMERICA}'::bpchar[]))

 select
        100.00 * sum(case
                when p_type like 'PROMO%'
                        then l_extendedprice * (1 - l_discount)
                else 0
        end) / sum(l_extendedprice * (1 - l_discount)) as promo_revenue
FROM lineitem_view,
        part
where
        l_partkey = p_partkey
        and l_shipdate >= date '1995-01-01'
        and l_shipdate < date '1995-01-01' + interval '1' month
b"EXPLAIN select\n        100.00 * sum(case\n                when p_type like 'PROMO%'\n                        then l_extendedprice * (1 - l_discount)\n                else 0\n        end) / sum(l_extendedprice * (1 - l_discount)) as promo_revenue\nFROM lineitem_view,\n        part\nwhere\n        l_partkey = p_partkey\n        and l_shipdate >= date '1995-01-01'\n        and l_shipdate < date '1995-01-01' + interval '1' month"

Pretty EXPLAIN output:
Finalize Aggregate  (cost=219718.92..219718.93 rows=1 width=32)
  ->  Gather  (cost=219718.35..219718.86 rows=5 width=64)
        Workers Planned: 5
        ->  Partial Aggregate  (cost=218718.35..218718.36 rows=1 width=64)
              ->  Nested Loop  (cost=1.70..218614.42 rows=5939 width=33)
                    ->  Nested Loop Semi Join  (cost=1.28..214443.15 rows=5939 width=16)
                          ->  Parallel Seq Scan on lineitem  (cost=0.00..130607.93 rows=14688 width=24)
                                Filter: ((l_shipdate >= '1995-01-01'::date) AND (l_shipdate < '1995-02-01 00:00:00'::timestamp without time zone))
                          ->  Nested Loop Semi Join  (cost=1.28..5.70 rows=1 width=12)
                                ->  Nested Loop Semi Join  (cost=0.86..5.23 rows=1 width=20)
                                      Join Filter: (lineitem.l_orderkey = o.o_orderkey)
                                      ->  Index Scan using idx_lineitem_fk_l_orderkey on lineitem l  (cost=0.43..4.27 rows=2 width=16)
                                            Index Cond: (l_orderkey = lineitem.l_orderkey)
                                            Filter: (l_linenumber = lineitem.l_linenumber)
                                      ->  Index Scan using idx_orders_pk on orders o  (cost=0.43..0.47 rows=1 width=4)
                                            Index Cond: (o_orderkey = l.l_orderkey)
                                            Filter: (o_orderpriority = ANY ('{1-URGENT,2-HIGH}'::bpchar[]))
                                ->  Index Scan using idx_partsupp_pk on partsupp ps  (cost=0.42..0.46 rows=1 width=8)
                                      Index Cond: ((ps_partkey = l.l_partkey) AND (ps_suppkey = l.l_suppkey))
                                      Filter: (ps_availqty > 0)
                    ->  Index Scan using idx_part_pk on part  (cost=0.42..0.69 rows=1 width=25)
                          Index Cond: (p_partkey = lineitem.l_partkey)
JIT:
  Functions: 30
  Options: Inlining false, Optimization false, Expressions true, Deforming true
b"EXPLAIN select\n        100.00 * sum(case\n                when p_type like 'PROMO%'\n                        then l_extendedprice * (1 - l_discount)\n                else 0\n        end) / sum(l_extendedprice * (1 - l_discount)) as promo_revenue\nFROM lineitem_view,\n        part\nwhere\n        l_partkey = p_partkey\n        and l_shipdate >= date '1995-01-01'\n        and l_shipdate < date '1995-01-01' + interval '1' month"

Pretty EXPLAIN output:
Finalize Aggregate  (cost=219718.92..219718.93 rows=1 width=32)
  ->  Gather  (cost=219718.35..219718.86 rows=5 width=64)
        Workers Planned: 5
        ->  Partial Aggregate  (cost=218718.35..218718.36 rows=1 width=64)
              ->  Nested Loop  (cost=1.70..218614.42 rows=5939 width=33)
                    ->  Nested Loop Semi Join  (cost=1.28..214443.15 rows=5939 width=16)
                          ->  Parallel Seq Scan on lineitem  (cost=0.00..130607.93 rows=14688 width=24)
                                Filter: ((l_shipdate >= '1995-01-01'::date) AND (l_shipdate < '1995-02-01 00:00:00'::timestamp without time zone))
                          ->  Nested Loop Semi Join  (cost=1.28..5.70 rows=1 width=12)
                                ->  Nested Loop Semi Join  (cost=0.86..5.23 rows=1 width=20)
                                      Join Filter: (lineitem.l_orderkey = o.o_orderkey)
                                      ->  Index Scan using idx_lineitem_fk_l_orderkey on lineitem l  (cost=0.43..4.27 rows=2 width=16)
                                            Index Cond: (l_orderkey = lineitem.l_orderkey)
                                            Filter: (l_linenumber = lineitem.l_linenumber)
                                      ->  Index Scan using idx_orders_pk on orders o  (cost=0.43..0.47 rows=1 width=4)
                                            Index Cond: (o_orderkey = l.l_orderkey)
                                            Filter: (o_orderpriority = ANY ('{1-URGENT,2-HIGH}'::bpchar[]))
                                ->  Index Scan using idx_partsupp_pk on partsupp ps  (cost=0.42..0.46 rows=1 width=8)
                                      Index Cond: ((ps_partkey = l.l_partkey) AND (ps_suppkey = l.l_suppkey))
                                      Filter: (ps_availqty > 0)
                    ->  Index Scan using idx_part_pk on part  (cost=0.42..0.69 rows=1 width=25)
                          Index Cond: (p_partkey = lineitem.l_partkey)
JIT:
  Functions: 30
  Options: Inlining false, Optimization false, Expressions true, Deforming true

 with revenue(supplier_no, total_revenue) as
        (select
                l_suppkey,
                sum(l_extendedprice * (1 - l_discount))
        FROM lineitem_view
        where
                l_shipdate >= date '1995-01-01'
                and l_shipdate < date '1995-01-01' + interval '3' month
        group by
                l_suppkey)
select
        s_suppkey,
        s_name,
        s_address,
        s_phone,
        total_revenue
FROM supplier_view,
        revenue
where
        s_suppkey = supplier_no
        and total_revenue = (
                select
                        max(total_revenue)
                from
                        revenue
        )
order by
        s_suppkey
b"EXPLAIN with revenue(supplier_no, total_revenue) as\n        (select\n                l_suppkey,\n                sum(l_extendedprice * (1 - l_discount))\n        FROM lineitem_view\n        where\n                l_shipdate >= date '1995-01-01'\n                and l_shipdate < date '1995-01-01' + interval '3' month\n        group by\n                l_suppkey)\nselect\n        s_suppkey,\n        s_name,\n        s_address,\n        s_phone,\n        total_revenue\nFROM supplier_view,\n        revenue\nwhere\n        s_suppkey = supplier_no\n        and total_revenue = (\n                select\n                        max(total_revenue)\n                from\n                        revenue\n        )\norder by\n        s_suppkey"

Pretty EXPLAIN output:
Sort  (cost=330071.79..330071.81 rows=9 width=103)
  Sort Key: supplier.s_suppkey
  CTE revenue
    ->  Finalize GroupAggregate  (cost=322480.36..329357.98 rows=10005 width=36)
          Group Key: lineitem.l_suppkey
          ->  Gather Merge  (cost=322480.36..328857.73 rows=50025 width=36)
                Workers Planned: 5
                ->  Partial GroupAggregate  (cost=321480.28..321833.40 rows=10005 width=36)
                      Group Key: lineitem.l_suppkey
                      ->  Sort  (cost=321480.28..321525.89 rows=18245 width=16)
                            Sort Key: lineitem.l_suppkey
                            ->  Nested Loop Semi Join  (cost=1.28..320188.97 rows=18245 width=16)
                                  ->  Parallel Seq Scan on lineitem  (cost=0.00..130607.93 rows=45120 width=24)
                                        Filter: ((l_shipdate >= '1995-01-01'::date) AND (l_shipdate < '1995-04-01 00:00:00'::timestamp without time zone))
                                  ->  Nested Loop Semi Join  (cost=1.28..4.19 rows=1 width=12)
                                        ->  Nested Loop Semi Join  (cost=0.86..3.72 rows=1 width=20)
                                              Join Filter: (lineitem.l_orderkey = o.o_orderkey)
                                              ->  Index Scan using idx_lineitem_pk on lineitem l  (cost=0.43..2.76 rows=2 width=16)
                                                    Index Cond: ((l_orderkey = lineitem.l_orderkey) AND (l_linenumber = lineitem.l_linenumber))
                                              ->  Index Scan using idx_orders_pk on orders o  (cost=0.43..0.47 rows=1 width=4)
                                                    Index Cond: (o_orderkey = l.l_orderkey)
                                                    Filter: (o_orderpriority = ANY ('{1-URGENT,2-HIGH}'::bpchar[]))
                                        ->  Index Scan using idx_partsupp_pk on partsupp ps  (cost=0.42..0.46 rows=1 width=8)
                                              Index Cond: ((ps_partkey = l.l_partkey) AND (ps_suppkey = l.l_suppkey))
                                              Filter: (ps_availqty > 0)
  InitPlan 2
    ->  Aggregate  (cost=225.11..225.12 rows=1 width=32)
          ->  CTE Scan on revenue revenue_1  (cost=0.00..200.10 rows=10005 width=32)
  ->  Nested Loop  (cost=459.87..488.54 rows=9 width=103)
        ->  Hash Join  (cost=459.58..484.73 rows=9 width=40)
              Hash Cond: (s.s_suppkey = revenue.supplier_no)
              ->  HashAggregate  (cost=233.85..252.07 rows=1822 width=4)
                    Group Key: s.s_suppkey
                    ->  Nested Loop  (cost=7.62..229.29 rows=1822 width=4)
                          ->  HashAggregate  (cost=2.48..2.53 rows=5 width=4)
                                Group Key: n.n_nationkey
                                ->  Hash Join  (cost=1.07..2.47 rows=5 width=4)
                                      Hash Cond: (n.n_regionkey = r.r_regionkey)
                                      ->  Seq Scan on nation n  (cost=0.00..1.25 rows=25 width=8)
                                      ->  Hash  (cost=1.06..1.06 rows=1 width=4)
                                            ->  Seq Scan on region r  (cost=0.00..1.06 rows=1 width=4)
                                                  Filter: (r_name = 'EUROPE'::bpchar)
                          ->  Bitmap Heap Scan on supplier s  (cost=5.14..41.71 rows=364 width=8)
                                Recheck Cond: (s_nationkey = n.n_nationkey)
                                Filter: (s_acctbal > '0'::numeric)
                                ->  Bitmap Index Scan on idx_supplier_fk_s_nationkey  (cost=0.00..5.04 rows=400 width=0)
                                      Index Cond: (s_nationkey = n.n_nationkey)
              ->  Hash  (cost=225.11..225.11 rows=50 width=36)
                    ->  CTE Scan on revenue  (cost=0.00..225.11 rows=50 width=36)
                          Filter: (total_revenue = (InitPlan 2).col1)
        ->  Index Scan using idx_supplier_pk on supplier  (cost=0.29..0.41 rows=1 width=71)
              Index Cond: (s_suppkey = s.s_suppkey)
JIT:
  Functions: 67
  Options: Inlining false, Optimization false, Expressions true, Deforming true
b"EXPLAIN with revenue(supplier_no, total_revenue) as\n        (select\n                l_suppkey,\n                sum(l_extendedprice * (1 - l_discount))\n        FROM lineitem_view\n        where\n                l_shipdate >= date '1995-01-01'\n                and l_shipdate < date '1995-01-01' + interval '3' month\n        group by\n                l_suppkey)\nselect\n        s_suppkey,\n        s_name,\n        s_address,\n        s_phone,\n        total_revenue\nFROM supplier_view,\n        revenue\nwhere\n        s_suppkey = supplier_no\n        and total_revenue = (\n                select\n                        max(total_revenue)\n                from\n                        revenue\n        )\norder by\n        s_suppkey"

Pretty EXPLAIN output:
Sort  (cost=330071.79..330071.81 rows=9 width=103)
  Sort Key: supplier.s_suppkey
  CTE revenue
    ->  Finalize GroupAggregate  (cost=322480.36..329357.98 rows=10005 width=36)
          Group Key: lineitem.l_suppkey
          ->  Gather Merge  (cost=322480.36..328857.73 rows=50025 width=36)
                Workers Planned: 5
                ->  Partial GroupAggregate  (cost=321480.28..321833.40 rows=10005 width=36)
                      Group Key: lineitem.l_suppkey
                      ->  Sort  (cost=321480.28..321525.89 rows=18245 width=16)
                            Sort Key: lineitem.l_suppkey
                            ->  Nested Loop Semi Join  (cost=1.28..320188.97 rows=18245 width=16)
                                  ->  Parallel Seq Scan on lineitem  (cost=0.00..130607.93 rows=45120 width=24)
                                        Filter: ((l_shipdate >= '1995-01-01'::date) AND (l_shipdate < '1995-04-01 00:00:00'::timestamp without time zone))
                                  ->  Nested Loop Semi Join  (cost=1.28..4.19 rows=1 width=12)
                                        ->  Nested Loop Semi Join  (cost=0.86..3.72 rows=1 width=20)
                                              Join Filter: (lineitem.l_orderkey = o.o_orderkey)
                                              ->  Index Scan using idx_lineitem_pk on lineitem l  (cost=0.43..2.76 rows=2 width=16)
                                                    Index Cond: ((l_orderkey = lineitem.l_orderkey) AND (l_linenumber = lineitem.l_linenumber))
                                              ->  Index Scan using idx_orders_pk on orders o  (cost=0.43..0.47 rows=1 width=4)
                                                    Index Cond: (o_orderkey = l.l_orderkey)
                                                    Filter: (o_orderpriority = ANY ('{1-URGENT,2-HIGH}'::bpchar[]))
                                        ->  Index Scan using idx_partsupp_pk on partsupp ps  (cost=0.42..0.46 rows=1 width=8)
                                              Index Cond: ((ps_partkey = l.l_partkey) AND (ps_suppkey = l.l_suppkey))
                                              Filter: (ps_availqty > 0)
  InitPlan 2
    ->  Aggregate  (cost=225.11..225.12 rows=1 width=32)
          ->  CTE Scan on revenue revenue_1  (cost=0.00..200.10 rows=10005 width=32)
  ->  Nested Loop  (cost=459.87..488.54 rows=9 width=103)
        ->  Hash Join  (cost=459.58..484.73 rows=9 width=40)
              Hash Cond: (s.s_suppkey = revenue.supplier_no)
              ->  HashAggregate  (cost=233.85..252.07 rows=1822 width=4)
                    Group Key: s.s_suppkey
                    ->  Nested Loop  (cost=7.62..229.29 rows=1822 width=4)
                          ->  HashAggregate  (cost=2.48..2.53 rows=5 width=4)
                                Group Key: n.n_nationkey
                                ->  Hash Join  (cost=1.07..2.47 rows=5 width=4)
                                      Hash Cond: (n.n_regionkey = r.r_regionkey)
                                      ->  Seq Scan on nation n  (cost=0.00..1.25 rows=25 width=8)
                                      ->  Hash  (cost=1.06..1.06 rows=1 width=4)
                                            ->  Seq Scan on region r  (cost=0.00..1.06 rows=1 width=4)
                                                  Filter: (r_name = 'EUROPE'::bpchar)
                          ->  Bitmap Heap Scan on supplier s  (cost=5.14..41.71 rows=364 width=8)
                                Recheck Cond: (s_nationkey = n.n_nationkey)
                                Filter: (s_acctbal > '0'::numeric)
                                ->  Bitmap Index Scan on idx_supplier_fk_s_nationkey  (cost=0.00..5.04 rows=400 width=0)
                                      Index Cond: (s_nationkey = n.n_nationkey)
              ->  Hash  (cost=225.11..225.11 rows=50 width=36)
                    ->  CTE Scan on revenue  (cost=0.00..225.11 rows=50 width=36)
                          Filter: (total_revenue = (InitPlan 2).col1)
        ->  Index Scan using idx_supplier_pk on supplier  (cost=0.29..0.41 rows=1 width=71)
              Index Cond: (s_suppkey = s.s_suppkey)
JIT:
  Functions: 67
  Options: Inlining false, Optimization false, Expressions true, Deforming true

 select
        p_brand,
        p_type,
        p_size,
        count(distinct ps_suppkey) as supplier_cnt
FROM partsupp_view,
        part
where
        p_partkey = ps_partkey
        and p_brand <> 'Brand#23'
    AND p_type NOT LIKE 'MEDIUM POLISHED%' 
        and p_size IN (1, 4, 7)
        and ps_suppkey not in (
                select
                        s_suppkey
                FROM supplier_view
                where
                        s_comment like '%Customer%Complaints%'
        )
group by
        p_brand,
        p_type,
        p_size
order by
        supplier_cnt desc,
        p_brand,
        p_type,
        p_size
b"EXPLAIN select\n        p_brand,\n        p_type,\n        p_size,\n        count(distinct ps_suppkey) as supplier_cnt\nFROM partsupp_view,\n        part\nwhere\n        p_partkey = ps_partkey\n        and p_brand <> 'Brand#23'\n    AND p_type NOT LIKE 'MEDIUM POLISHED%' \n        and p_size IN (1, 4, 7)\n        and ps_suppkey not in (\n                select\n                        s_suppkey\n                FROM supplier_view\n                where\n                        s_comment like '%Customer%Complaints%'\n        )\ngroup by\n        p_brand,\n        p_type,\n        p_size\norder by\n        supplier_cnt desc,\n        p_brand,\n        p_type,\n        p_size"

Pretty EXPLAIN output:
Sort  (cost=28769.59..28772.01 rows=970 width=44)
  Sort Key: (count(DISTINCT partsupp.ps_suppkey)) DESC, part.p_brand, part.p_type, part.p_size
  ->  GroupAggregate  (cost=28585.93..28721.47 rows=970 width=44)
        Group Key: part.p_brand, part.p_type, part.p_size
        ->  Gather Merge  (cost=28585.93..28702.07 rows=970 width=40)
              Workers Planned: 4
              ->  Sort  (cost=27585.87..27586.47 rows=242 width=40)
                    Sort Key: part.p_brand, part.p_type, part.p_size, partsupp.ps_suppkey
                    ->  Nested Loop Semi Join  (cost=6109.50..27576.29 rows=242 width=40)
                          ->  Parallel Hash Join  (cost=6108.79..21897.84 rows=5831 width=48)
                                Hash Cond: (partsupp.ps_partkey = part.p_partkey)
                                ->  Parallel Index Only Scan using idx_partsupp_pk on partsupp  (cost=357.55..15747.31 rows=100000 width=8)
                                      Filter: (NOT (ANY (ps_suppkey = (hashed SubPlan 1).col1)))
                                      SubPlan 1
                                        ->  Nested Loop Semi Join  (cost=0.56..357.12 rows=1 width=4)
                                              ->  Seq Scan on supplier  (cost=0.00..348.00 rows=1 width=4)
                                                    Filter: ((s_comment)::text ~~ '%Customer%Complaints%'::text)
                                              ->  Nested Loop Semi Join  (cost=0.56..9.11 rows=1 width=4)
                                                    ->  Index Scan using idx_supplier_pk on supplier s_1  (cost=0.29..8.30 rows=1 width=8)
                                                          Index Cond: (s_suppkey = supplier.s_suppkey)
                                                          Filter: (s_acctbal > '0'::numeric)
                                                    ->  Nested Loop  (cost=0.27..0.80 rows=1 width=4)
                                                          ->  Index Scan using idx_nation_pk on nation n  (cost=0.14..0.16 rows=1 width=8)
                                                                Index Cond: (n_nationkey = s_1.s_nationkey)
                                                          ->  Index Scan using idx_region_pk on region r  (cost=0.13..0.63 rows=1 width=4)
                                                                Index Cond: (r_regionkey = n.n_regionkey)
                                                                Filter: (r_name = 'EUROPE'::bpchar)
                                ->  Parallel Hash  (cost=5690.50..5690.50 rows=4859 width=40)
                                      ->  Parallel Seq Scan on part  (cost=0.00..5690.50 rows=4859 width=40)
                                            Filter: ((p_brand <> 'Brand#23'::bpchar) AND ((p_type)::text !~~ 'MEDIUM POLISHED%'::text) AND (p_size = ANY ('{1,4,7}'::integer[])))
                          ->  Nested Loop Semi Join  (cost=0.71..0.96 rows=1 width=12)
                                Join Filter: (partsupp.ps_suppkey = s.s_suppkey)
                                ->  Index Scan using idx_partsupp_pk on partsupp ps  (cost=0.42..0.65 rows=1 width=8)
                                      Index Cond: ((ps_partkey = partsupp.ps_partkey) AND (ps_suppkey = partsupp.ps_suppkey))
                                      Filter: (ps_availqty > 100)
                                ->  Index Scan using idx_supplier_pk on supplier s  (cost=0.29..0.31 rows=1 width=4)
                                      Index Cond: (s_suppkey = ps.ps_suppkey)
                                      Filter: (s_acctbal > '0'::numeric)
b"EXPLAIN select\n        p_brand,\n        p_type,\n        p_size,\n        count(distinct ps_suppkey) as supplier_cnt\nFROM partsupp_view,\n        part\nwhere\n        p_partkey = ps_partkey\n        and p_brand <> 'Brand#23'\n    AND p_type NOT LIKE 'MEDIUM POLISHED%' \n        and p_size IN (1, 4, 7)\n        and ps_suppkey not in (\n                select\n                        s_suppkey\n                FROM supplier_view\n                where\n                        s_comment like '%Customer%Complaints%'\n        )\ngroup by\n        p_brand,\n        p_type,\n        p_size\norder by\n        supplier_cnt desc,\n        p_brand,\n        p_type,\n        p_size"

Pretty EXPLAIN output:
Sort  (cost=28769.59..28772.01 rows=970 width=44)
  Sort Key: (count(DISTINCT partsupp.ps_suppkey)) DESC, part.p_brand, part.p_type, part.p_size
  ->  GroupAggregate  (cost=28585.93..28721.47 rows=970 width=44)
        Group Key: part.p_brand, part.p_type, part.p_size
        ->  Gather Merge  (cost=28585.93..28702.07 rows=970 width=40)
              Workers Planned: 4
              ->  Sort  (cost=27585.87..27586.47 rows=242 width=40)
                    Sort Key: part.p_brand, part.p_type, part.p_size, partsupp.ps_suppkey
                    ->  Nested Loop Semi Join  (cost=6109.50..27576.29 rows=242 width=40)
                          ->  Parallel Hash Join  (cost=6108.79..21897.84 rows=5831 width=48)
                                Hash Cond: (partsupp.ps_partkey = part.p_partkey)
                                ->  Parallel Index Only Scan using idx_partsupp_pk on partsupp  (cost=357.55..15747.31 rows=100000 width=8)
                                      Filter: (NOT (ANY (ps_suppkey = (hashed SubPlan 1).col1)))
                                      SubPlan 1
                                        ->  Nested Loop Semi Join  (cost=0.56..357.12 rows=1 width=4)
                                              ->  Seq Scan on supplier  (cost=0.00..348.00 rows=1 width=4)
                                                    Filter: ((s_comment)::text ~~ '%Customer%Complaints%'::text)
                                              ->  Nested Loop Semi Join  (cost=0.56..9.11 rows=1 width=4)
                                                    ->  Index Scan using idx_supplier_pk on supplier s_1  (cost=0.29..8.30 rows=1 width=8)
                                                          Index Cond: (s_suppkey = supplier.s_suppkey)
                                                          Filter: (s_acctbal > '0'::numeric)
                                                    ->  Nested Loop  (cost=0.27..0.80 rows=1 width=4)
                                                          ->  Index Scan using idx_nation_pk on nation n  (cost=0.14..0.16 rows=1 width=8)
                                                                Index Cond: (n_nationkey = s_1.s_nationkey)
                                                          ->  Index Scan using idx_region_pk on region r  (cost=0.13..0.63 rows=1 width=4)
                                                                Index Cond: (r_regionkey = n.n_regionkey)
                                                                Filter: (r_name = 'EUROPE'::bpchar)
                                ->  Parallel Hash  (cost=5690.50..5690.50 rows=4859 width=40)
                                      ->  Parallel Seq Scan on part  (cost=0.00..5690.50 rows=4859 width=40)
                                            Filter: ((p_brand <> 'Brand#23'::bpchar) AND ((p_type)::text !~~ 'MEDIUM POLISHED%'::text) AND (p_size = ANY ('{1,4,7}'::integer[])))
                          ->  Nested Loop Semi Join  (cost=0.71..0.96 rows=1 width=12)
                                Join Filter: (partsupp.ps_suppkey = s.s_suppkey)
                                ->  Index Scan using idx_partsupp_pk on partsupp ps  (cost=0.42..0.65 rows=1 width=8)
                                      Index Cond: ((ps_partkey = partsupp.ps_partkey) AND (ps_suppkey = partsupp.ps_suppkey))
                                      Filter: (ps_availqty > 100)
                                ->  Index Scan using idx_supplier_pk on supplier s  (cost=0.29..0.31 rows=1 width=4)
                                      Index Cond: (s_suppkey = ps.ps_suppkey)
                                      Filter: (s_acctbal > '0'::numeric)

 select sum(l_extendedprice) / 7.0 as avg_yearly
FROM lineitem_view,
        part
where
        p_partkey = l_partkey
        and p_brand = 'Brand#53'
        and p_container = 'MED BAG'
        and l_quantity < (
                select
                        0.7 * avg(l_quantity)
                FROM lineitem_view
                where
                        l_partkey = p_partkey
        )
b"EXPLAIN select sum(l_extendedprice) / 7.0 as avg_yearly\nFROM lineitem_view,\n        part\nwhere\n        p_partkey = l_partkey\n        and p_brand = 'Brand#53'\n        and p_container = 'MED BAG'\n        and l_quantity < (\n                select\n                        0.7 * avg(l_quantity)\n                FROM lineitem_view\n                where\n                        l_partkey = p_partkey\n        )"

Pretty EXPLAIN output:
Aggregate  (cost=1759979.35..1759979.36 rows=1 width=32)
  ->  Hash Join  (cost=215623.33..1759977.17 rows=870 width=8)
        Hash Cond: (lineitem.l_partkey = part.p_partkey)
        Join Filter: (lineitem.l_quantity < (SubPlan 1))
        ->  Gather  (cost=209221.14..588802.81 rows=2427268 width=17)
              Workers Planned: 5
              ->  Parallel Hash Semi Join  (cost=208221.14..345076.01 rows=485454 width=17)
                    Hash Cond: ((lineitem.l_orderkey = o.o_orderkey) AND (lineitem.l_linenumber = l.l_linenumber))
                    ->  Parallel Seq Scan on lineitem  (cost=0.00..124605.28 rows=1200528 width=25)
                    ->  Parallel Hash  (cost=200939.33..200939.33 rows=485454 width=12)
                          ->  Parallel Hash Semi Join  (cost=59286.54..200939.33 rows=485454 width=12)
                                Hash Cond: ((l.l_partkey = ps.ps_partkey) AND (l.l_suppkey = ps.ps_suppkey))
                                ->  Parallel Hash Semi Join  (cost=34630.15..167787.50 rows=485454 width=20)
                                      Hash Cond: (l.l_orderkey = o.o_orderkey)
                                      ->  Parallel Seq Scan on lineitem l  (cost=0.00..124605.28 rows=1200528 width=16)
                                      ->  Parallel Hash  (cost=32184.39..32184.39 rows=195661 width=4)
                                            ->  Parallel Seq Scan on orders o  (cost=0.00..32184.39 rows=195661 width=4)
                                                  Filter: (o_orderpriority = ANY ('{1-URGENT,2-HIGH}'::bpchar[]))
                                ->  Parallel Hash  (cost=20785.81..20785.81 rows=258039 width=8)
                                      ->  Parallel Seq Scan on partsupp ps  (cost=0.00..20785.81 rows=258039 width=8)
                                            Filter: (ps_availqty > 0)
        ->  Hash  (cost=6399.50..6399.50 rows=215 width=4)
              ->  Gather  (cost=1000.00..6399.50 rows=215 width=4)
                    Workers Planned: 2
                    ->  Parallel Seq Scan on part  (cost=0.00..5378.00 rows=90 width=4)
                          Filter: ((p_brand = 'Brand#53'::bpchar) AND (p_container = 'MED BAG'::bpchar))
        SubPlan 1
          ->  Aggregate  (cost=442.93..442.94 rows=1 width=32)
                ->  Nested Loop Semi Join  (cost=5.96..442.90 rows=13 width=5)
                      ->  Bitmap Heap Scan on lineitem lineitem_1  (cost=4.67..127.52 rows=31 width=13)
                            Recheck Cond: (l_partkey = part.p_partkey)
                            ->  Bitmap Index Scan on idx_lineitem_fk_l_partkey_l_suppkey  (cost=0.00..4.67 rows=31 width=0)
                                  Index Cond: (l_partkey = part.p_partkey)
                      ->  Nested Loop Semi Join  (cost=1.28..10.16 rows=1 width=12)
                            ->  Nested Loop Semi Join  (cost=0.86..9.69 rows=1 width=20)
                                  Join Filter: (lineitem_1.l_orderkey = o_1.o_orderkey)
                                  ->  Index Scan using idx_lineitem_fk_l_orderkey on lineitem l_1  (cost=0.43..8.73 rows=2 width=16)
                                        Index Cond: (l_orderkey = lineitem_1.l_orderkey)
                                        Filter: (l_linenumber = lineitem_1.l_linenumber)
                                  ->  Index Scan using idx_orders_pk on orders o_1  (cost=0.43..0.47 rows=1 width=4)
                                        Index Cond: (o_orderkey = l_1.l_orderkey)
                                        Filter: (o_orderpriority = ANY ('{1-URGENT,2-HIGH}'::bpchar[]))
                            ->  Index Scan using idx_partsupp_pk on partsupp ps_1  (cost=0.42..0.46 rows=1 width=8)
                                  Index Cond: ((ps_partkey = l_1.l_partkey) AND (ps_suppkey = l_1.l_suppkey))
                                  Filter: (ps_availqty > 0)
JIT:
  Functions: 67
  Options: Inlining true, Optimization true, Expressions true, Deforming true
b"EXPLAIN select sum(l_extendedprice) / 7.0 as avg_yearly\nFROM lineitem_view,\n        part\nwhere\n        p_partkey = l_partkey\n        and p_brand = 'Brand#53'\n        and p_container = 'MED BAG'\n        and l_quantity < (\n                select\n                        0.7 * avg(l_quantity)\n                FROM lineitem_view\n                where\n                        l_partkey = p_partkey\n        )"

Pretty EXPLAIN output:
Aggregate  (cost=1759979.35..1759979.36 rows=1 width=32)
  ->  Hash Join  (cost=215623.33..1759977.17 rows=870 width=8)
        Hash Cond: (lineitem.l_partkey = part.p_partkey)
        Join Filter: (lineitem.l_quantity < (SubPlan 1))
        ->  Gather  (cost=209221.14..588802.81 rows=2427268 width=17)
              Workers Planned: 5
              ->  Parallel Hash Semi Join  (cost=208221.14..345076.01 rows=485454 width=17)
                    Hash Cond: ((lineitem.l_orderkey = o.o_orderkey) AND (lineitem.l_linenumber = l.l_linenumber))
                    ->  Parallel Seq Scan on lineitem  (cost=0.00..124605.28 rows=1200528 width=25)
                    ->  Parallel Hash  (cost=200939.33..200939.33 rows=485454 width=12)
                          ->  Parallel Hash Semi Join  (cost=59286.54..200939.33 rows=485454 width=12)
                                Hash Cond: ((l.l_partkey = ps.ps_partkey) AND (l.l_suppkey = ps.ps_suppkey))
                                ->  Parallel Hash Semi Join  (cost=34630.15..167787.50 rows=485454 width=20)
                                      Hash Cond: (l.l_orderkey = o.o_orderkey)
                                      ->  Parallel Seq Scan on lineitem l  (cost=0.00..124605.28 rows=1200528 width=16)
                                      ->  Parallel Hash  (cost=32184.39..32184.39 rows=195661 width=4)
                                            ->  Parallel Seq Scan on orders o  (cost=0.00..32184.39 rows=195661 width=4)
                                                  Filter: (o_orderpriority = ANY ('{1-URGENT,2-HIGH}'::bpchar[]))
                                ->  Parallel Hash  (cost=20785.81..20785.81 rows=258039 width=8)
                                      ->  Parallel Seq Scan on partsupp ps  (cost=0.00..20785.81 rows=258039 width=8)
                                            Filter: (ps_availqty > 0)
        ->  Hash  (cost=6399.50..6399.50 rows=215 width=4)
              ->  Gather  (cost=1000.00..6399.50 rows=215 width=4)
                    Workers Planned: 2
                    ->  Parallel Seq Scan on part  (cost=0.00..5378.00 rows=90 width=4)
                          Filter: ((p_brand = 'Brand#53'::bpchar) AND (p_container = 'MED BAG'::bpchar))
        SubPlan 1
          ->  Aggregate  (cost=442.93..442.94 rows=1 width=32)
                ->  Nested Loop Semi Join  (cost=5.96..442.90 rows=13 width=5)
                      ->  Bitmap Heap Scan on lineitem lineitem_1  (cost=4.67..127.52 rows=31 width=13)
                            Recheck Cond: (l_partkey = part.p_partkey)
                            ->  Bitmap Index Scan on idx_lineitem_fk_l_partkey_l_suppkey  (cost=0.00..4.67 rows=31 width=0)
                                  Index Cond: (l_partkey = part.p_partkey)
                      ->  Nested Loop Semi Join  (cost=1.28..10.16 rows=1 width=12)
                            ->  Nested Loop Semi Join  (cost=0.86..9.69 rows=1 width=20)
                                  Join Filter: (lineitem_1.l_orderkey = o_1.o_orderkey)
                                  ->  Index Scan using idx_lineitem_fk_l_orderkey on lineitem l_1  (cost=0.43..8.73 rows=2 width=16)
                                        Index Cond: (l_orderkey = lineitem_1.l_orderkey)
                                        Filter: (l_linenumber = lineitem_1.l_linenumber)
                                  ->  Index Scan using idx_orders_pk on orders o_1  (cost=0.43..0.47 rows=1 width=4)
                                        Index Cond: (o_orderkey = l_1.l_orderkey)
                                        Filter: (o_orderpriority = ANY ('{1-URGENT,2-HIGH}'::bpchar[]))
                            ->  Index Scan using idx_partsupp_pk on partsupp ps_1  (cost=0.42..0.46 rows=1 width=8)
                                  Index Cond: ((ps_partkey = l_1.l_partkey) AND (ps_suppkey = l_1.l_suppkey))
                                  Filter: (ps_availqty > 0)
JIT:
  Functions: 67
  Options: Inlining true, Optimization true, Expressions true, Deforming true

 select
        c_name,
        c_custkey,
        o_orderkey,
        o_orderdate,
        o_totalprice,
        sum(l_quantity)
FROM customer_view,
        orders,
        lineitem_view
where
        o_orderkey in (
                select
                        l_orderkey
                FROM lineitem_view
                group by
                        l_orderkey having
                                sum(l_quantity) > 300
        )
        and c_custkey = o_custkey
        and o_orderkey = l_orderkey
group by
        c_name,
        c_custkey,
        o_orderkey,
        o_orderdate,
        o_totalprice
order by
        o_totalprice desc,
        o_orderdate
b'EXPLAIN select\n        c_name,\n        c_custkey,\n        o_orderkey,\n        o_orderdate,\n        o_totalprice,\n        sum(l_quantity)\nFROM customer_view,\n        orders,\n        lineitem_view\nwhere\n        o_orderkey in (\n                select\n                        l_orderkey\n                FROM lineitem_view\n                group by\n                        l_orderkey having\n                                sum(l_quantity) > 300\n        )\n        and c_custkey = o_custkey\n        and o_orderkey = l_orderkey\ngroup by\n        c_name,\n        c_custkey,\n        o_orderkey,\n        o_orderdate,\n        o_totalprice\norder by\n        o_totalprice desc,\n        o_orderdate'

Pretty EXPLAIN output:
GroupAggregate  (cost=1065003.68..1067294.36 rows=76356 width=71)
  Group Key: orders.o_totalprice, orders.o_orderdate, customer.c_name, customer.c_custkey, orders.o_orderkey
  ->  Sort  (cost=1065003.68..1065194.57 rows=76356 width=44)
        Sort Key: orders.o_totalprice DESC, orders.o_orderdate, customer.c_name, customer.c_custkey, orders.o_orderkey
        ->  Hash Join  (cost=825016.97..1058811.03 rows=76356 width=44)
              Hash Cond: (o.o_orderkey = lineitem_1.l_orderkey)
              ->  Gather  (cost=254938.81..482445.46 rows=882619 width=56)
                    Workers Planned: 5
                    ->  Parallel Hash Join  (cost=253938.81..393183.56 rows=176524 width=56)
                          Hash Cond: (o.o_orderkey = orders.o_orderkey)
                          ->  Parallel Hash Semi Join  (cost=208221.14..345076.01 rows=485454 width=17)
                                Hash Cond: ((lineitem.l_orderkey = o.o_orderkey) AND (lineitem.l_linenumber = l.l_linenumber))
                                ->  Parallel Seq Scan on lineitem  (cost=0.00..124605.28 rows=1200528 width=13)
                                ->  Parallel Hash  (cost=200939.33..200939.33 rows=485454 width=12)
                                      ->  Parallel Hash Semi Join  (cost=59286.54..200939.33 rows=485454 width=12)
                                            Hash Cond: ((l.l_partkey = ps.ps_partkey) AND (l.l_suppkey = ps.ps_suppkey))
                                            ->  Parallel Hash Semi Join  (cost=34630.15..167787.50 rows=485454 width=20)
                                                  Hash Cond: (l.l_orderkey = o.o_orderkey)
                                                  ->  Parallel Seq Scan on lineitem l  (cost=0.00..124605.28 rows=1200528 width=16)
                                                  ->  Parallel Hash  (cost=32184.39..32184.39 rows=195661 width=4)
                                                        ->  Parallel Seq Scan on orders o  (cost=0.00..32184.39 rows=195661 width=4)
                                                              Filter: (o_orderpriority = ANY ('{1-URGENT,2-HIGH}'::bpchar[]))
                                            ->  Parallel Hash  (cost=20785.81..20785.81 rows=258039 width=8)
                                                  ->  Parallel Seq Scan on partsupp ps  (cost=0.00..20785.81 rows=258039 width=8)
                                                        Filter: (ps_availqty > 0)
                          ->  Parallel Hash  (cost=43518.32..43518.32 rows=175948 width=39)
                                ->  Parallel Hash Join  (cost=9995.96..43518.32 rows=175948 width=39)
                                      Hash Cond: (orders.o_custkey = customer.c_custkey)
                                      ->  Parallel Seq Scan on orders  (cost=0.00..30974.71 rows=483871 width=20)
                                      ->  Parallel Hash  (cost=9711.88..9711.88 rows=22727 width=27)
                                            ->  Parallel Hash Semi Join  (cost=5069.98..9711.88 rows=22727 width=27)
                                                  Hash Cond: (customer.c_custkey = c.c_custkey)
                                                  ->  Parallel Seq Scan on customer  (cost=0.00..4225.00 rows=62500 width=23)
                                                  ->  Parallel Hash  (cost=4785.89..4785.89 rows=22727 width=4)
                                                        ->  Hash Semi Join  (cost=2.66..4785.89 rows=22727 width=4)
                                                              Hash Cond: (c.c_nationkey = n.n_nationkey)
                                                              ->  Parallel Seq Scan on customer c  (cost=0.00..4381.25 rows=56817 width=8)
                                                                    Filter: (c_acctbal > '0'::numeric)
                                                              ->  Hash  (cost=2.53..2.53 rows=10 width=4)
                                                                    ->  Hash Join  (cost=1.09..2.53 rows=10 width=4)
                                                                          Hash Cond: (n.n_regionkey = r.r_regionkey)
                                                                          ->  Seq Scan on nation n  (cost=0.00..1.25 rows=25 width=8)
                                                                          ->  Hash  (cost=1.06..1.06 rows=2 width=4)
                                                                                ->  Seq Scan on region r  (cost=0.00..1.06 rows=2 width=4)
                                                                                      Filter: (r_name = ANY ('{EUROPE,AMERICA}'::bpchar[]))
              ->  Hash  (cost=568456.08..568456.08 rows=129766 width=4)
                    ->  Finalize HashAggregate  (cost=562616.63..568456.08 rows=129766 width=4)
                          Group Key: lineitem_1.l_orderkey
                          Filter: (sum(lineitem_1.l_quantity) > '300'::numeric)
                          ->  Gather  (cost=348503.28..548017.99 rows=1946485 width=36)
                                Workers Planned: 5
                                ->  Partial HashAggregate  (cost=347503.28..352369.49 rows=389297 width=36)
                                      Group Key: lineitem_1.l_orderkey
                                      ->  Parallel Hash Semi Join  (cost=208221.14..345076.01 rows=485454 width=9)
                                            Hash Cond: ((lineitem_1.l_orderkey = o_1.o_orderkey) AND (lineitem_1.l_linenumber = l_1.l_linenumber))
                                            ->  Parallel Seq Scan on lineitem lineitem_1  (cost=0.00..124605.28 rows=1200528 width=13)
                                            ->  Parallel Hash  (cost=200939.33..200939.33 rows=485454 width=12)
                                                  ->  Parallel Hash Semi Join  (cost=59286.54..200939.33 rows=485454 width=12)
                                                        Hash Cond: ((l_1.l_partkey = ps_1.ps_partkey) AND (l_1.l_suppkey = ps_1.ps_suppkey))
                                                        ->  Parallel Hash Semi Join  (cost=34630.15..167787.50 rows=485454 width=20)
                                                              Hash Cond: (l_1.l_orderkey = o_1.o_orderkey)
                                                              ->  Parallel Seq Scan on lineitem l_1  (cost=0.00..124605.28 rows=1200528 width=16)
                                                              ->  Parallel Hash  (cost=32184.39..32184.39 rows=195661 width=4)
                                                                    ->  Parallel Seq Scan on orders o_1  (cost=0.00..32184.39 rows=195661 width=4)
                                                                          Filter: (o_orderpriority = ANY ('{1-URGENT,2-HIGH}'::bpchar[]))
                                                        ->  Parallel Hash  (cost=20785.81..20785.81 rows=258039 width=8)
                                                              ->  Parallel Seq Scan on partsupp ps_1  (cost=0.00..20785.81 rows=258039 width=8)
                                                                    Filter: (ps_availqty > 0)
JIT:
  Functions: 122
  Options: Inlining true, Optimization true, Expressions true, Deforming true
b'EXPLAIN select\n        c_name,\n        c_custkey,\n        o_orderkey,\n        o_orderdate,\n        o_totalprice,\n        sum(l_quantity)\nFROM customer_view,\n        orders,\n        lineitem_view\nwhere\n        o_orderkey in (\n                select\n                        l_orderkey\n                FROM lineitem_view\n                group by\n                        l_orderkey having\n                                sum(l_quantity) > 300\n        )\n        and c_custkey = o_custkey\n        and o_orderkey = l_orderkey\ngroup by\n        c_name,\n        c_custkey,\n        o_orderkey,\n        o_orderdate,\n        o_totalprice\norder by\n        o_totalprice desc,\n        o_orderdate'

Pretty EXPLAIN output:
GroupAggregate  (cost=1065003.68..1067294.36 rows=76356 width=71)
  Group Key: orders.o_totalprice, orders.o_orderdate, customer.c_name, customer.c_custkey, orders.o_orderkey
  ->  Sort  (cost=1065003.68..1065194.57 rows=76356 width=44)
        Sort Key: orders.o_totalprice DESC, orders.o_orderdate, customer.c_name, customer.c_custkey, orders.o_orderkey
        ->  Hash Join  (cost=825016.97..1058811.03 rows=76356 width=44)
              Hash Cond: (o.o_orderkey = lineitem_1.l_orderkey)
              ->  Gather  (cost=254938.81..482445.46 rows=882619 width=56)
                    Workers Planned: 5
                    ->  Parallel Hash Join  (cost=253938.81..393183.56 rows=176524 width=56)
                          Hash Cond: (o.o_orderkey = orders.o_orderkey)
                          ->  Parallel Hash Semi Join  (cost=208221.14..345076.01 rows=485454 width=17)
                                Hash Cond: ((lineitem.l_orderkey = o.o_orderkey) AND (lineitem.l_linenumber = l.l_linenumber))
                                ->  Parallel Seq Scan on lineitem  (cost=0.00..124605.28 rows=1200528 width=13)
                                ->  Parallel Hash  (cost=200939.33..200939.33 rows=485454 width=12)
                                      ->  Parallel Hash Semi Join  (cost=59286.54..200939.33 rows=485454 width=12)
                                            Hash Cond: ((l.l_partkey = ps.ps_partkey) AND (l.l_suppkey = ps.ps_suppkey))
                                            ->  Parallel Hash Semi Join  (cost=34630.15..167787.50 rows=485454 width=20)
                                                  Hash Cond: (l.l_orderkey = o.o_orderkey)
                                                  ->  Parallel Seq Scan on lineitem l  (cost=0.00..124605.28 rows=1200528 width=16)
                                                  ->  Parallel Hash  (cost=32184.39..32184.39 rows=195661 width=4)
                                                        ->  Parallel Seq Scan on orders o  (cost=0.00..32184.39 rows=195661 width=4)
                                                              Filter: (o_orderpriority = ANY ('{1-URGENT,2-HIGH}'::bpchar[]))
                                            ->  Parallel Hash  (cost=20785.81..20785.81 rows=258039 width=8)
                                                  ->  Parallel Seq Scan on partsupp ps  (cost=0.00..20785.81 rows=258039 width=8)
                                                        Filter: (ps_availqty > 0)
                          ->  Parallel Hash  (cost=43518.32..43518.32 rows=175948 width=39)
                                ->  Parallel Hash Join  (cost=9995.96..43518.32 rows=175948 width=39)
                                      Hash Cond: (orders.o_custkey = customer.c_custkey)
                                      ->  Parallel Seq Scan on orders  (cost=0.00..30974.71 rows=483871 width=20)
                                      ->  Parallel Hash  (cost=9711.88..9711.88 rows=22727 width=27)
                                            ->  Parallel Hash Semi Join  (cost=5069.98..9711.88 rows=22727 width=27)
                                                  Hash Cond: (customer.c_custkey = c.c_custkey)
                                                  ->  Parallel Seq Scan on customer  (cost=0.00..4225.00 rows=62500 width=23)
                                                  ->  Parallel Hash  (cost=4785.89..4785.89 rows=22727 width=4)
                                                        ->  Hash Semi Join  (cost=2.66..4785.89 rows=22727 width=4)
                                                              Hash Cond: (c.c_nationkey = n.n_nationkey)
                                                              ->  Parallel Seq Scan on customer c  (cost=0.00..4381.25 rows=56817 width=8)
                                                                    Filter: (c_acctbal > '0'::numeric)
                                                              ->  Hash  (cost=2.53..2.53 rows=10 width=4)
                                                                    ->  Hash Join  (cost=1.09..2.53 rows=10 width=4)
                                                                          Hash Cond: (n.n_regionkey = r.r_regionkey)
                                                                          ->  Seq Scan on nation n  (cost=0.00..1.25 rows=25 width=8)
                                                                          ->  Hash  (cost=1.06..1.06 rows=2 width=4)
                                                                                ->  Seq Scan on region r  (cost=0.00..1.06 rows=2 width=4)
                                                                                      Filter: (r_name = ANY ('{EUROPE,AMERICA}'::bpchar[]))
              ->  Hash  (cost=568456.08..568456.08 rows=129766 width=4)
                    ->  Finalize HashAggregate  (cost=562616.63..568456.08 rows=129766 width=4)
                          Group Key: lineitem_1.l_orderkey
                          Filter: (sum(lineitem_1.l_quantity) > '300'::numeric)
                          ->  Gather  (cost=348503.28..548017.99 rows=1946485 width=36)
                                Workers Planned: 5
                                ->  Partial HashAggregate  (cost=347503.28..352369.49 rows=389297 width=36)
                                      Group Key: lineitem_1.l_orderkey
                                      ->  Parallel Hash Semi Join  (cost=208221.14..345076.01 rows=485454 width=9)
                                            Hash Cond: ((lineitem_1.l_orderkey = o_1.o_orderkey) AND (lineitem_1.l_linenumber = l_1.l_linenumber))
                                            ->  Parallel Seq Scan on lineitem lineitem_1  (cost=0.00..124605.28 rows=1200528 width=13)
                                            ->  Parallel Hash  (cost=200939.33..200939.33 rows=485454 width=12)
                                                  ->  Parallel Hash Semi Join  (cost=59286.54..200939.33 rows=485454 width=12)
                                                        Hash Cond: ((l_1.l_partkey = ps_1.ps_partkey) AND (l_1.l_suppkey = ps_1.ps_suppkey))
                                                        ->  Parallel Hash Semi Join  (cost=34630.15..167787.50 rows=485454 width=20)
                                                              Hash Cond: (l_1.l_orderkey = o_1.o_orderkey)
                                                              ->  Parallel Seq Scan on lineitem l_1  (cost=0.00..124605.28 rows=1200528 width=16)
                                                              ->  Parallel Hash  (cost=32184.39..32184.39 rows=195661 width=4)
                                                                    ->  Parallel Seq Scan on orders o_1  (cost=0.00..32184.39 rows=195661 width=4)
                                                                          Filter: (o_orderpriority = ANY ('{1-URGENT,2-HIGH}'::bpchar[]))
                                                        ->  Parallel Hash  (cost=20785.81..20785.81 rows=258039 width=8)
                                                              ->  Parallel Seq Scan on partsupp ps_1  (cost=0.00..20785.81 rows=258039 width=8)
                                                                    Filter: (ps_availqty > 0)
JIT:
  Functions: 122
  Options: Inlining true, Optimization true, Expressions true, Deforming true

 select
        sum(l_extendedprice* (1 - l_discount)) as revenue
FROM lineitem_view,
        part
where
        (
                p_partkey = l_partkey
                and p_brand = 'Brand#12'
                and p_container in ('SM CASE', 'SM BOX', 'SM PACK', 'SM PKG')
                and l_quantity >= 1 and l_quantity <= 1 + 10
                and p_size between 1 and 5
                and l_shipmode in ('AIR', 'AIR REG')
                and l_shipinstruct = 'DELIVER IN PERSON'
        )
        or
        (
                p_partkey = l_partkey
                and p_brand = 'Brand#23'
                and p_container in ('MED BAG', 'MED BOX', 'MED PKG', 'MED PACK')
                and l_quantity >= 10 and l_quantity <= 10 + 10
                and p_size between 1 and 10
                and l_shipmode in ('AIR', 'AIR REG')
                and l_shipinstruct = 'DELIVER IN PERSON'
        )
        or
        (
                p_partkey = l_partkey
                and p_brand = 'Brand#34'
                and p_container in ('LG CASE', 'LG BOX', 'LG PACK', 'LG PKG')
                and l_quantity >= 20 and l_quantity <= 20 + 10
                and p_size between 1 and 15
                and l_shipmode in ('AIR', 'AIR REG')
                and l_shipinstruct = 'DELIVER IN PERSON'
        )
b"EXPLAIN select\n        sum(l_extendedprice* (1 - l_discount)) as revenue\nFROM lineitem_view,\n        part\nwhere\n        (\n                p_partkey = l_partkey\n                and p_brand = 'Brand#12'\n                and p_container in ('SM CASE', 'SM BOX', 'SM PACK', 'SM PKG')\n                and l_quantity >= 1 and l_quantity <= 1 + 10\n                and p_size between 1 and 5\n                and l_shipmode in ('AIR', 'AIR REG')\n                and l_shipinstruct = 'DELIVER IN PERSON'\n        )\n        or\n        (\n                p_partkey = l_partkey\n                and p_brand = 'Brand#23'\n                and p_container in ('MED BAG', 'MED BOX', 'MED PKG', 'MED PACK')\n                and l_quantity >= 10 and l_quantity <= 10 + 10\n                and p_size between 1 and 10\n                and l_shipmode in ('AIR', 'AIR REG')\n                and l_shipinstruct = 'DELIVER IN PERSON'\n        )\n        or\n        (\n                p_partkey = l_partkey\n                and p_brand = 'Brand#34'\n                and p_container in ('LG CASE', 'LG BOX', 'LG PACK', 'LG PKG')\n                and l_quantity >= 20 and l_quantity <= 20 + 10\n                and p_size between 1 and 15\n                and l_shipmode in ('AIR', 'AIR REG')\n                and l_shipinstruct = 'DELIVER IN PERSON'\n        )"

Pretty EXPLAIN output:
Finalize Aggregate  (cost=34568.70..34568.71 rows=1 width=32)
  ->  Gather  (cost=34568.48..34568.69 rows=2 width=32)
        Workers Planned: 2
        ->  Partial Aggregate  (cost=33568.48..33568.49 rows=1 width=32)
              ->  Nested Loop Semi Join  (cost=5.82..33568.33 rows=20 width=12)
                    ->  Nested Loop  (cost=4.54..33317.79 rows=48 width=20)
                          ->  Parallel Seq Scan on part  (cost=0.00..7669.67 rows=211 width=30)
                                Filter: ((p_size >= 1) AND (((p_brand = 'Brand#12'::bpchar) AND (p_container = ANY ('{"SM CASE","SM BOX","SM PACK","SM PKG"}'::bpchar[])) AND (p_size <= 5)) OR ((p_brand = 'Brand#23'::bpchar) AND (p_container = ANY ('{"MED BAG","MED BOX","MED PKG","MED PACK"}'::bpchar[])) AND (p_size <= 10)) OR ((p_brand = 'Brand#34'::bpchar) AND (p_container = ANY ('{"LG CASE","LG BOX","LG PACK","LG PKG"}'::bpchar[])) AND (p_size <= 15))))
                          ->  Bitmap Heap Scan on lineitem  (cost=4.54..121.55 rows=1 width=29)
                                Recheck Cond: (part.p_partkey = l_partkey)
                                Filter: ((l_shipmode = ANY ('{AIR,"AIR REG"}'::bpchar[])) AND (l_shipinstruct = 'DELIVER IN PERSON'::bpchar) AND (((l_quantity >= '1'::numeric) AND (l_quantity <= '11'::numeric)) OR ((l_quantity >= '10'::numeric) AND (l_quantity <= '20'::numeric)) OR ((l_quantity >= '20'::numeric) AND (l_quantity <= '30'::numeric))) AND (((part.p_brand = 'Brand#12'::bpchar) AND (part.p_container = ANY ('{"SM CASE","SM BOX","SM PACK","SM PKG"}'::bpchar[])) AND (l_quantity >= '1'::numeric) AND (l_quantity <= '11'::numeric) AND (part.p_size <= 5)) OR ((part.p_brand = 'Brand#23'::bpchar) AND (part.p_container = ANY ('{"MED BAG","MED BOX","MED PKG","MED PACK"}'::bpchar[])) AND (l_quantity >= '10'::numeric) AND (l_quantity <= '20'::numeric) AND (part.p_size <= 10)) OR ((part.p_brand = 'Brand#34'::bpchar) AND (part.p_container = ANY ('{"LG CASE","LG BOX","LG PACK","LG PKG"}'::bpchar[])) AND (l_quantity >= '20'::numeric) AND (l_quantity <= '30'::numeric) AND (part.p_size <= 15))))
                                ->  Bitmap Index Scan on idx_lineitem_fk_l_partkey_l_suppkey  (cost=0.00..4.54 rows=31 width=0)
                                      Index Cond: (l_partkey = part.p_partkey)
                    ->  Nested Loop Semi Join  (cost=1.28..5.21 rows=1 width=12)
                          ->  Nested Loop Semi Join  (cost=0.86..4.74 rows=1 width=20)
                                Join Filter: (lineitem.l_orderkey = o.o_orderkey)
                                ->  Index Scan using idx_lineitem_fk_l_orderkey on lineitem l  (cost=0.43..3.78 rows=2 width=16)
                                      Index Cond: (l_orderkey = lineitem.l_orderkey)
                                      Filter: (l_linenumber = lineitem.l_linenumber)
                                ->  Index Scan using idx_orders_pk on orders o  (cost=0.43..0.47 rows=1 width=4)
                                      Index Cond: (o_orderkey = l.l_orderkey)
                                      Filter: (o_orderpriority = ANY ('{1-URGENT,2-HIGH}'::bpchar[]))
                          ->  Index Scan using idx_partsupp_pk on partsupp ps  (cost=0.42..0.46 rows=1 width=8)
                                Index Cond: ((ps_partkey = l.l_partkey) AND (ps_suppkey = l.l_suppkey))
                                Filter: (ps_availqty > 0)
b"EXPLAIN select\n        sum(l_extendedprice* (1 - l_discount)) as revenue\nFROM lineitem_view,\n        part\nwhere\n        (\n                p_partkey = l_partkey\n                and p_brand = 'Brand#12'\n                and p_container in ('SM CASE', 'SM BOX', 'SM PACK', 'SM PKG')\n                and l_quantity >= 1 and l_quantity <= 1 + 10\n                and p_size between 1 and 5\n                and l_shipmode in ('AIR', 'AIR REG')\n                and l_shipinstruct = 'DELIVER IN PERSON'\n        )\n        or\n        (\n                p_partkey = l_partkey\n                and p_brand = 'Brand#23'\n                and p_container in ('MED BAG', 'MED BOX', 'MED PKG', 'MED PACK')\n                and l_quantity >= 10 and l_quantity <= 10 + 10\n                and p_size between 1 and 10\n                and l_shipmode in ('AIR', 'AIR REG')\n                and l_shipinstruct = 'DELIVER IN PERSON'\n        )\n        or\n        (\n                p_partkey = l_partkey\n                and p_brand = 'Brand#34'\n                and p_container in ('LG CASE', 'LG BOX', 'LG PACK', 'LG PKG')\n                and l_quantity >= 20 and l_quantity <= 20 + 10\n                and p_size between 1 and 15\n                and l_shipmode in ('AIR', 'AIR REG')\n                and l_shipinstruct = 'DELIVER IN PERSON'\n        )"

Pretty EXPLAIN output:
Finalize Aggregate  (cost=34568.70..34568.71 rows=1 width=32)
  ->  Gather  (cost=34568.48..34568.69 rows=2 width=32)
        Workers Planned: 2
        ->  Partial Aggregate  (cost=33568.48..33568.49 rows=1 width=32)
              ->  Nested Loop Semi Join  (cost=5.82..33568.33 rows=20 width=12)
                    ->  Nested Loop  (cost=4.54..33317.79 rows=48 width=20)
                          ->  Parallel Seq Scan on part  (cost=0.00..7669.67 rows=211 width=30)
                                Filter: ((p_size >= 1) AND (((p_brand = 'Brand#12'::bpchar) AND (p_container = ANY ('{"SM CASE","SM BOX","SM PACK","SM PKG"}'::bpchar[])) AND (p_size <= 5)) OR ((p_brand = 'Brand#23'::bpchar) AND (p_container = ANY ('{"MED BAG","MED BOX","MED PKG","MED PACK"}'::bpchar[])) AND (p_size <= 10)) OR ((p_brand = 'Brand#34'::bpchar) AND (p_container = ANY ('{"LG CASE","LG BOX","LG PACK","LG PKG"}'::bpchar[])) AND (p_size <= 15))))
                          ->  Bitmap Heap Scan on lineitem  (cost=4.54..121.55 rows=1 width=29)
                                Recheck Cond: (part.p_partkey = l_partkey)
                                Filter: ((l_shipmode = ANY ('{AIR,"AIR REG"}'::bpchar[])) AND (l_shipinstruct = 'DELIVER IN PERSON'::bpchar) AND (((l_quantity >= '1'::numeric) AND (l_quantity <= '11'::numeric)) OR ((l_quantity >= '10'::numeric) AND (l_quantity <= '20'::numeric)) OR ((l_quantity >= '20'::numeric) AND (l_quantity <= '30'::numeric))) AND (((part.p_brand = 'Brand#12'::bpchar) AND (part.p_container = ANY ('{"SM CASE","SM BOX","SM PACK","SM PKG"}'::bpchar[])) AND (l_quantity >= '1'::numeric) AND (l_quantity <= '11'::numeric) AND (part.p_size <= 5)) OR ((part.p_brand = 'Brand#23'::bpchar) AND (part.p_container = ANY ('{"MED BAG","MED BOX","MED PKG","MED PACK"}'::bpchar[])) AND (l_quantity >= '10'::numeric) AND (l_quantity <= '20'::numeric) AND (part.p_size <= 10)) OR ((part.p_brand = 'Brand#34'::bpchar) AND (part.p_container = ANY ('{"LG CASE","LG BOX","LG PACK","LG PKG"}'::bpchar[])) AND (l_quantity >= '20'::numeric) AND (l_quantity <= '30'::numeric) AND (part.p_size <= 15))))
                                ->  Bitmap Index Scan on idx_lineitem_fk_l_partkey_l_suppkey  (cost=0.00..4.54 rows=31 width=0)
                                      Index Cond: (l_partkey = part.p_partkey)
                    ->  Nested Loop Semi Join  (cost=1.28..5.21 rows=1 width=12)
                          ->  Nested Loop Semi Join  (cost=0.86..4.74 rows=1 width=20)
                                Join Filter: (lineitem.l_orderkey = o.o_orderkey)
                                ->  Index Scan using idx_lineitem_fk_l_orderkey on lineitem l  (cost=0.43..3.78 rows=2 width=16)
                                      Index Cond: (l_orderkey = lineitem.l_orderkey)
                                      Filter: (l_linenumber = lineitem.l_linenumber)
                                ->  Index Scan using idx_orders_pk on orders o  (cost=0.43..0.47 rows=1 width=4)
                                      Index Cond: (o_orderkey = l.l_orderkey)
                                      Filter: (o_orderpriority = ANY ('{1-URGENT,2-HIGH}'::bpchar[]))
                          ->  Index Scan using idx_partsupp_pk on partsupp ps  (cost=0.42..0.46 rows=1 width=8)
                                Index Cond: ((ps_partkey = l.l_partkey) AND (ps_suppkey = l.l_suppkey))
                                Filter: (ps_availqty > 0)

 select
        s_name,
        s_address
FROM supplier_view,
        nation
where
        s_suppkey in (
                select
                        ps_suppkey
                FROM partsupp_view
                where
                        ps_partkey in (
                                select
                                        p_partkey
                                from
                                        part
                                where
                                        p_name like '%ivory%'
                        )
                        and ps_availqty > (
                                select
                                        0.5 * sum(l_quantity)
                                FROM lineitem_view
                                where
                                        l_partkey = ps_partkey
                                        and l_suppkey = ps_suppkey
                                        and l_shipdate >= date '1995-01-01'
                                        and l_shipdate < date '1995-01-01' + interval '1' year
                        )
        )
        and s_nationkey = n_nationkey
        and n_name = 'FRANCE'
order by
        s_name
b"EXPLAIN select\n        s_name,\n        s_address\nFROM supplier_view,\n        nation\nwhere\n        s_suppkey in (\n                select\n                        ps_suppkey\n                FROM partsupp_view\n                where\n                        ps_partkey in (\n                                select\n                                        p_partkey\n                                from\n                                        part\n                                where\n                                        p_name like '%ivory%'\n                        )\n                        and ps_availqty > (\n                                select\n                                        0.5 * sum(l_quantity)\n                                FROM lineitem_view\n                                where\n                                        l_partkey = ps_partkey\n                                        and l_suppkey = ps_suppkey\n                                        and l_shipdate >= date '1995-01-01'\n                                        and l_shipdate < date '1995-01-01' + interval '1' year\n                        )\n        )\n        and s_nationkey = n_nationkey\n        and n_name = 'FRANCE'\norder by\n        s_name"

Pretty EXPLAIN output:
Sort  (cost=111177.26..111177.43 rows=66 width=51)
  Sort Key: supplier.s_name
  ->  Nested Loop Semi Join  (cost=260.14..111175.27 rows=66 width=51)
        ->  Hash Right Semi Join  (cost=258.58..487.82 rows=73 width=59)
              Hash Cond: (s.s_suppkey = supplier.s_suppkey)
              ->  Nested Loop  (cost=7.62..229.29 rows=1822 width=4)
                    ->  HashAggregate  (cost=2.48..2.53 rows=5 width=4)
                          Group Key: n.n_nationkey
                          ->  Hash Join  (cost=1.07..2.47 rows=5 width=4)
                                Hash Cond: (n.n_regionkey = r.r_regionkey)
                                ->  Seq Scan on nation n  (cost=0.00..1.25 rows=25 width=8)
                                ->  Hash  (cost=1.06..1.06 rows=1 width=4)
                                      ->  Seq Scan on region r  (cost=0.00..1.06 rows=1 width=4)
                                            Filter: (r_name = 'EUROPE'::bpchar)
                    ->  Bitmap Heap Scan on supplier s  (cost=5.14..41.71 rows=364 width=8)
                          Recheck Cond: (s_nationkey = n.n_nationkey)
                          Filter: (s_acctbal > '0'::numeric)
                          ->  Bitmap Index Scan on idx_supplier_fk_s_nationkey  (cost=0.00..5.04 rows=400 width=0)
                                Index Cond: (s_nationkey = n.n_nationkey)
              ->  Hash  (cost=245.96..245.96 rows=400 width=55)
                    ->  Nested Loop  (cost=7.38..245.96 rows=400 width=55)
                          ->  Seq Scan on nation  (cost=0.00..1.31 rows=1 width=4)
                                Filter: (n_name = 'FRANCE'::bpchar)
                          ->  Bitmap Heap Scan on supplier  (cost=7.38..240.65 rows=400 width=59)
                                Recheck Cond: (nation.n_nationkey = s_nationkey)
                                ->  Bitmap Index Scan on idx_supplier_fk_s_nationkey  (cost=0.00..7.29 rows=400 width=0)
                                      Index Cond: (s_nationkey = nation.n_nationkey)
        ->  Nested Loop Semi Join  (cost=1.55..1516.26 rows=1 width=12)
              Join Filter: (supplier.s_suppkey = s_1.s_suppkey)
              ->  Nested Loop Semi Join  (cost=0.84..1515.18 rows=1 width=12)
                    ->  Index Scan using idx_partsupp_fk_ps_suppkey on partsupp  (cost=0.42..1501.40 rows=27 width=8)
                          Index Cond: (ps_suppkey = supplier.s_suppkey)
                          Filter: ((ps_availqty)::numeric > (SubPlan 1))
                          SubPlan 1
                            ->  Aggregate  (cost=18.64..18.65 rows=1 width=32)
                                  ->  Nested Loop Semi Join  (cost=1.72..18.63 rows=1 width=5)
                                        ->  Index Scan using idx_lineitem_fk_l_partkey_l_suppkey on lineitem  (cost=0.43..8.46 rows=1 width=13)
                                              Index Cond: ((l_partkey = partsupp.ps_partkey) AND (l_suppkey = partsupp.ps_suppkey))
                                              Filter: ((l_shipdate >= '1995-01-01'::date) AND (l_shipdate < '1996-01-01 00:00:00'::timestamp without time zone))
                                        ->  Nested Loop Semi Join  (cost=1.28..10.16 rows=1 width=12)
                                              ->  Nested Loop Semi Join  (cost=0.86..9.69 rows=1 width=20)
                                                    Join Filter: (lineitem.l_orderkey = o.o_orderkey)
                                                    ->  Index Scan using idx_lineitem_fk_l_orderkey on lineitem l  (cost=0.43..8.73 rows=2 width=16)
                                                          Index Cond: (l_orderkey = lineitem.l_orderkey)
                                                          Filter: (l_linenumber = lineitem.l_linenumber)
                                                    ->  Index Scan using idx_orders_pk on orders o  (cost=0.43..0.47 rows=1 width=4)
                                                          Index Cond: (o_orderkey = l.l_orderkey)
                                                          Filter: (o_orderpriority = ANY ('{1-URGENT,2-HIGH}'::bpchar[]))
                                              ->  Index Scan using idx_partsupp_pk on partsupp ps_1  (cost=0.42..0.46 rows=1 width=8)
                                                    Index Cond: ((ps_partkey = l.l_partkey) AND (ps_suppkey = l.l_suppkey))
                                                    Filter: (ps_availqty > 0)
                    ->  Index Scan using idx_part_pk on part  (cost=0.42..0.51 rows=1 width=4)
                          Index Cond: (p_partkey = partsupp.ps_partkey)
                          Filter: ((p_name)::text ~~ '%ivory%'::text)
              ->  Nested Loop Semi Join  (cost=0.71..1.06 rows=1 width=12)
                    Join Filter: (partsupp.ps_suppkey = s_1.s_suppkey)
                    ->  Index Scan using idx_partsupp_pk on partsupp ps  (cost=0.42..0.74 rows=1 width=8)
                          Index Cond: ((ps_partkey = partsupp.ps_partkey) AND (ps_suppkey = partsupp.ps_suppkey))
                          Filter: (ps_availqty > 100)
                    ->  Index Scan using idx_supplier_pk on supplier s_1  (cost=0.29..0.31 rows=1 width=4)
                          Index Cond: (s_suppkey = ps.ps_suppkey)
                          Filter: (s_acctbal > '0'::numeric)
JIT:
  Functions: 85
  Options: Inlining false, Optimization false, Expressions true, Deforming true
b"EXPLAIN select\n        s_name,\n        s_address\nFROM supplier_view,\n        nation\nwhere\n        s_suppkey in (\n                select\n                        ps_suppkey\n                FROM partsupp_view\n                where\n                        ps_partkey in (\n                                select\n                                        p_partkey\n                                from\n                                        part\n                                where\n                                        p_name like '%ivory%'\n                        )\n                        and ps_availqty > (\n                                select\n                                        0.5 * sum(l_quantity)\n                                FROM lineitem_view\n                                where\n                                        l_partkey = ps_partkey\n                                        and l_suppkey = ps_suppkey\n                                        and l_shipdate >= date '1995-01-01'\n                                        and l_shipdate < date '1995-01-01' + interval '1' year\n                        )\n        )\n        and s_nationkey = n_nationkey\n        and n_name = 'FRANCE'\norder by\n        s_name"

Pretty EXPLAIN output:
Sort  (cost=111177.26..111177.43 rows=66 width=51)
  Sort Key: supplier.s_name
  ->  Nested Loop Semi Join  (cost=260.14..111175.27 rows=66 width=51)
        ->  Hash Right Semi Join  (cost=258.58..487.82 rows=73 width=59)
              Hash Cond: (s.s_suppkey = supplier.s_suppkey)
              ->  Nested Loop  (cost=7.62..229.29 rows=1822 width=4)
                    ->  HashAggregate  (cost=2.48..2.53 rows=5 width=4)
                          Group Key: n.n_nationkey
                          ->  Hash Join  (cost=1.07..2.47 rows=5 width=4)
                                Hash Cond: (n.n_regionkey = r.r_regionkey)
                                ->  Seq Scan on nation n  (cost=0.00..1.25 rows=25 width=8)
                                ->  Hash  (cost=1.06..1.06 rows=1 width=4)
                                      ->  Seq Scan on region r  (cost=0.00..1.06 rows=1 width=4)
                                            Filter: (r_name = 'EUROPE'::bpchar)
                    ->  Bitmap Heap Scan on supplier s  (cost=5.14..41.71 rows=364 width=8)
                          Recheck Cond: (s_nationkey = n.n_nationkey)
                          Filter: (s_acctbal > '0'::numeric)
                          ->  Bitmap Index Scan on idx_supplier_fk_s_nationkey  (cost=0.00..5.04 rows=400 width=0)
                                Index Cond: (s_nationkey = n.n_nationkey)
              ->  Hash  (cost=245.96..245.96 rows=400 width=55)
                    ->  Nested Loop  (cost=7.38..245.96 rows=400 width=55)
                          ->  Seq Scan on nation  (cost=0.00..1.31 rows=1 width=4)
                                Filter: (n_name = 'FRANCE'::bpchar)
                          ->  Bitmap Heap Scan on supplier  (cost=7.38..240.65 rows=400 width=59)
                                Recheck Cond: (nation.n_nationkey = s_nationkey)
                                ->  Bitmap Index Scan on idx_supplier_fk_s_nationkey  (cost=0.00..7.29 rows=400 width=0)
                                      Index Cond: (s_nationkey = nation.n_nationkey)
        ->  Nested Loop Semi Join  (cost=1.55..1516.26 rows=1 width=12)
              Join Filter: (supplier.s_suppkey = s_1.s_suppkey)
              ->  Nested Loop Semi Join  (cost=0.84..1515.18 rows=1 width=12)
                    ->  Index Scan using idx_partsupp_fk_ps_suppkey on partsupp  (cost=0.42..1501.40 rows=27 width=8)
                          Index Cond: (ps_suppkey = supplier.s_suppkey)
                          Filter: ((ps_availqty)::numeric > (SubPlan 1))
                          SubPlan 1
                            ->  Aggregate  (cost=18.64..18.65 rows=1 width=32)
                                  ->  Nested Loop Semi Join  (cost=1.72..18.63 rows=1 width=5)
                                        ->  Index Scan using idx_lineitem_fk_l_partkey_l_suppkey on lineitem  (cost=0.43..8.46 rows=1 width=13)
                                              Index Cond: ((l_partkey = partsupp.ps_partkey) AND (l_suppkey = partsupp.ps_suppkey))
                                              Filter: ((l_shipdate >= '1995-01-01'::date) AND (l_shipdate < '1996-01-01 00:00:00'::timestamp without time zone))
                                        ->  Nested Loop Semi Join  (cost=1.28..10.16 rows=1 width=12)
                                              ->  Nested Loop Semi Join  (cost=0.86..9.69 rows=1 width=20)
                                                    Join Filter: (lineitem.l_orderkey = o.o_orderkey)
                                                    ->  Index Scan using idx_lineitem_fk_l_orderkey on lineitem l  (cost=0.43..8.73 rows=2 width=16)
                                                          Index Cond: (l_orderkey = lineitem.l_orderkey)
                                                          Filter: (l_linenumber = lineitem.l_linenumber)
                                                    ->  Index Scan using idx_orders_pk on orders o  (cost=0.43..0.47 rows=1 width=4)
                                                          Index Cond: (o_orderkey = l.l_orderkey)
                                                          Filter: (o_orderpriority = ANY ('{1-URGENT,2-HIGH}'::bpchar[]))
                                              ->  Index Scan using idx_partsupp_pk on partsupp ps_1  (cost=0.42..0.46 rows=1 width=8)
                                                    Index Cond: ((ps_partkey = l.l_partkey) AND (ps_suppkey = l.l_suppkey))
                                                    Filter: (ps_availqty > 0)
                    ->  Index Scan using idx_part_pk on part  (cost=0.42..0.51 rows=1 width=4)
                          Index Cond: (p_partkey = partsupp.ps_partkey)
                          Filter: ((p_name)::text ~~ '%ivory%'::text)
              ->  Nested Loop Semi Join  (cost=0.71..1.06 rows=1 width=12)
                    Join Filter: (partsupp.ps_suppkey = s_1.s_suppkey)
                    ->  Index Scan using idx_partsupp_pk on partsupp ps  (cost=0.42..0.74 rows=1 width=8)
                          Index Cond: ((ps_partkey = partsupp.ps_partkey) AND (ps_suppkey = partsupp.ps_suppkey))
                          Filter: (ps_availqty > 100)
                    ->  Index Scan using idx_supplier_pk on supplier s_1  (cost=0.29..0.31 rows=1 width=4)
                          Index Cond: (s_suppkey = ps.ps_suppkey)
                          Filter: (s_acctbal > '0'::numeric)
JIT:
  Functions: 85
  Options: Inlining false, Optimization false, Expressions true, Deforming true

 select
        s_name,
        count(*) as numwait
FROM supplier_view,
        lineitem_view l1,
        orders,
        nation
where
        s_suppkey = l1.l_suppkey
        and o_orderkey = l1.l_orderkey
        and o_orderstatus = 'F'
        and l1.l_receiptdate > l1.l_commitdate
        and exists (
                select
                        *
                FROM lineitem_view l2
                where
                        l2.l_orderkey = l1.l_orderkey
                        and l2.l_suppkey <> l1.l_suppkey
        )
        and not exists (
                select
                        *
                FROM lineitem_view l3
                where
                        l3.l_orderkey = l1.l_orderkey
                        and l3.l_suppkey <> l1.l_suppkey
                        and l3.l_receiptdate > l3.l_commitdate
        )
        and s_nationkey = n_nationkey
        and n_name = 'ARGENTINA'
group by
        s_name
order by
        numwait desc,
        s_name
b"EXPLAIN select\n        s_name,\n        count(*) as numwait\nFROM supplier_view,\n        lineitem_view l1,\n        orders,\n        nation\nwhere\n        s_suppkey = l1.l_suppkey\n        and o_orderkey = l1.l_orderkey\n        and o_orderstatus = 'F'\n        and l1.l_receiptdate > l1.l_commitdate\n        and exists (\n                select\n                        *\n                FROM lineitem_view l2\n                where\n                        l2.l_orderkey = l1.l_orderkey\n                        and l2.l_suppkey <> l1.l_suppkey\n        )\n        and not exists (\n                select\n                        *\n                FROM lineitem_view l3\n                where\n                        l3.l_orderkey = l1.l_orderkey\n                        and l3.l_suppkey <> l1.l_suppkey\n                        and l3.l_receiptdate > l3.l_commitdate\n        )\n        and s_nationkey = n_nationkey\n        and n_name = 'ARGENTINA'\ngroup by\n        s_name\norder by\n        numwait desc,\n        s_name"

Pretty EXPLAIN output:
Sort  (cost=344438.80..344438.81 rows=1 width=34)
  Sort Key: (count(*)) DESC, supplier.s_name
  ->  GroupAggregate  (cost=344438.77..344438.79 rows=1 width=34)
        Group Key: supplier.s_name
        ->  Sort  (cost=344438.77..344438.78 rows=1 width=26)
              Sort Key: supplier.s_name
              ->  Gather  (cost=209714.88..344438.76 rows=1 width=26)
                    Workers Planned: 5
                    ->  Nested Loop Anti Join  (cost=208714.88..343438.66 rows=1 width=26)
                          ->  Nested Loop Semi Join  (cost=208713.07..341815.39 rows=232 width=34)
                                Join Filter: ((lineitem_1.l_suppkey <> lineitem.l_suppkey) AND (o.o_orderkey = o_1.o_orderkey))
                                ->  Nested Loop  (cost=208710.30..341584.41 rows=573 width=46)
                                      Join Filter: (orders.o_orderkey = o.o_orderkey)
                                      ->  Hash Join  (cost=208709.87..341018.30 rows=1179 width=42)
                                            Hash Cond: (lineitem.l_suppkey = supplier.s_suppkey)
                                            ->  Parallel Hash Semi Join  (cost=208221.14..339910.94 rows=161818 width=16)
                                                  Hash Cond: ((lineitem.l_linenumber = l.l_linenumber) AND (lineitem.l_orderkey = o.o_orderkey))
                                                  ->  Parallel Seq Scan on lineitem  (cost=0.00..127606.60 rows=400176 width=12)
                                                        Filter: (l_receiptdate > l_commitdate)
                                                  ->  Parallel Hash  (cost=200939.33..200939.33 rows=485454 width=12)
                                                        ->  Parallel Hash Semi Join  (cost=59286.54..200939.33 rows=485454 width=12)
                                                              Hash Cond: ((l.l_partkey = ps.ps_partkey) AND (l.l_suppkey = ps.ps_suppkey))
                                                              ->  Parallel Hash Semi Join  (cost=34630.15..167787.50 rows=485454 width=20)
                                                                    Hash Cond: (l.l_orderkey = o.o_orderkey)
                                                                    ->  Parallel Seq Scan on lineitem l  (cost=0.00..124605.28 rows=1200528 width=16)
                                                                    ->  Parallel Hash  (cost=32184.39..32184.39 rows=195661 width=4)
                                                                          ->  Parallel Seq Scan on orders o  (cost=0.00..32184.39 rows=195661 width=4)
                                                                                Filter: (o_orderpriority = ANY ('{1-URGENT,2-HIGH}'::bpchar[]))
                                                              ->  Parallel Hash  (cost=20785.81..20785.81 rows=258039 width=8)
                                                                    ->  Parallel Seq Scan on partsupp ps  (cost=0.00..20785.81 rows=258039 width=8)
                                                                          Filter: (ps_availqty > 0)
                                            ->  Hash  (cost=487.82..487.82 rows=73 width=34)
                                                  ->  Hash Right Semi Join  (cost=258.58..487.82 rows=73 width=34)
                                                        Hash Cond: (s.s_suppkey = supplier.s_suppkey)
                                                        ->  Nested Loop  (cost=7.62..229.29 rows=1822 width=4)
                                                              ->  HashAggregate  (cost=2.48..2.53 rows=5 width=4)
                                                                    Group Key: n.n_nationkey
                                                                    ->  Hash Join  (cost=1.07..2.47 rows=5 width=4)
                                                                          Hash Cond: (n.n_regionkey = r.r_regionkey)
                                                                          ->  Seq Scan on nation n  (cost=0.00..1.25 rows=25 width=8)
                                                                          ->  Hash  (cost=1.06..1.06 rows=1 width=4)
                                                                                ->  Seq Scan on region r  (cost=0.00..1.06 rows=1 width=4)
                                                                                      Filter: (r_name = 'EUROPE'::bpchar)
                                                              ->  Bitmap Heap Scan on supplier s  (cost=5.14..41.71 rows=364 width=8)
                                                                    Recheck Cond: (s_nationkey = n.n_nationkey)
                                                                    Filter: (s_acctbal > '0'::numeric)
                                                                    ->  Bitmap Index Scan on idx_supplier_fk_s_nationkey  (cost=0.00..5.04 rows=400 width=0)
                                                                          Index Cond: (s_nationkey = n.n_nationkey)
                                                        ->  Hash  (cost=245.96..245.96 rows=400 width=30)
                                                              ->  Nested Loop  (cost=7.38..245.96 rows=400 width=30)
                                                                    ->  Seq Scan on nation  (cost=0.00..1.31 rows=1 width=4)
                                                                          Filter: (n_name = 'ARGENTINA'::bpchar)
                                                                    ->  Bitmap Heap Scan on supplier  (cost=7.38..240.65 rows=400 width=34)
                                                                          Recheck Cond: (nation.n_nationkey = s_nationkey)
                                                                          ->  Bitmap Index Scan on idx_supplier_fk_s_nationkey  (cost=0.00..7.29 rows=400 width=0)
                                                                                Index Cond: (s_nationkey = nation.n_nationkey)
                                      ->  Index Scan using idx_orders_pk on orders  (cost=0.43..0.47 rows=1 width=4)
                                            Index Cond: (o_orderkey = l.l_orderkey)
                                            Filter: (o_orderstatus = 'F'::bpchar)
                                ->  Hash Semi Join  (cost=2.77..3.26 rows=2 width=16)
                                      Hash Cond: ((lineitem_1.l_orderkey = o_1.o_orderkey) AND (lineitem_1.l_linenumber = l_1.l_linenumber))
                                      ->  Index Scan using idx_lineitem_fk_l_orderkey on lineitem lineitem_1  (cost=0.43..0.78 rows=15 width=12)
                                            Index Cond: (l_orderkey = l.l_orderkey)
                                      ->  Hash  (cost=2.30..2.30 rows=2 width=12)
                                            ->  Nested Loop Semi Join  (cost=1.34..2.30 rows=2 width=12)
                                                  ->  Hash Semi Join  (cost=0.91..1.36 rows=2 width=20)
                                                        Hash Cond: (l_1.l_orderkey = o_1.o_orderkey)
                                                        ->  Index Scan using idx_lineitem_fk_l_orderkey on lineitem l_1  (cost=0.43..0.78 rows=15 width=16)
                                                              Index Cond: (l_orderkey = l.l_orderkey)
                                                        ->  Hash  (cost=0.47..0.47 rows=1 width=4)
                                                              ->  Index Scan using idx_orders_pk on orders o_1  (cost=0.43..0.47 rows=1 width=4)
                                                                    Index Cond: (o_orderkey = l.l_orderkey)
                                                                    Filter: (o_orderpriority = ANY ('{1-URGENT,2-HIGH}'::bpchar[]))
                                                  ->  Index Scan using idx_partsupp_pk on partsupp ps_1  (cost=0.42..0.46 rows=1 width=8)
                                                        Index Cond: ((ps_partkey = l_1.l_partkey) AND (ps_suppkey = l_1.l_suppkey))
                                                        Filter: (ps_availqty > 0)
                          ->  Nested Loop Semi Join  (cost=1.81..9.75 rows=2 width=8)
                                ->  Index Scan using idx_lineitem_fk_l_orderkey on lineitem lineitem_2  (cost=0.43..1.01 rows=5 width=12)
                                      Index Cond: (l_orderkey = lineitem.l_orderkey)
                                      Filter: ((l_receiptdate > l_commitdate) AND (l_suppkey <> lineitem.l_suppkey))
                                ->  Nested Loop Semi Join  (cost=1.38..1.74 rows=1 width=12)
                                      ->  Hash Semi Join  (cost=0.95..1.27 rows=1 width=20)
                                            Hash Cond: (l_2.l_orderkey = o_2.o_orderkey)
                                            ->  Index Scan using idx_lineitem_pk on lineitem l_2  (cost=0.43..0.73 rows=2 width=16)
                                                  Index Cond: ((l_orderkey = lineitem_2.l_orderkey) AND (l_linenumber = lineitem_2.l_linenumber))
                                            ->  Hash  (cost=0.51..0.51 rows=1 width=4)
                                                  ->  Index Scan using idx_orders_pk on orders o_2  (cost=0.43..0.51 rows=1 width=4)
                                                        Index Cond: (o_orderkey = lineitem_2.l_orderkey)
                                                        Filter: (o_orderpriority = ANY ('{1-URGENT,2-HIGH}'::bpchar[]))
                                      ->  Index Scan using idx_partsupp_pk on partsupp ps_2  (cost=0.42..0.46 rows=1 width=8)
                                            Index Cond: ((ps_partkey = l_2.l_partkey) AND (ps_suppkey = l_2.l_suppkey))
                                            Filter: (ps_availqty > 0)
JIT:
  Functions: 147
  Options: Inlining false, Optimization false, Expressions true, Deforming true
b"EXPLAIN select\n        s_name,\n        count(*) as numwait\nFROM supplier_view,\n        lineitem_view l1,\n        orders,\n        nation\nwhere\n        s_suppkey = l1.l_suppkey\n        and o_orderkey = l1.l_orderkey\n        and o_orderstatus = 'F'\n        and l1.l_receiptdate > l1.l_commitdate\n        and exists (\n                select\n                        *\n                FROM lineitem_view l2\n                where\n                        l2.l_orderkey = l1.l_orderkey\n                        and l2.l_suppkey <> l1.l_suppkey\n        )\n        and not exists (\n                select\n                        *\n                FROM lineitem_view l3\n                where\n                        l3.l_orderkey = l1.l_orderkey\n                        and l3.l_suppkey <> l1.l_suppkey\n                        and l3.l_receiptdate > l3.l_commitdate\n        )\n        and s_nationkey = n_nationkey\n        and n_name = 'ARGENTINA'\ngroup by\n        s_name\norder by\n        numwait desc,\n        s_name"

Pretty EXPLAIN output:
Sort  (cost=344438.80..344438.81 rows=1 width=34)
  Sort Key: (count(*)) DESC, supplier.s_name
  ->  GroupAggregate  (cost=344438.77..344438.79 rows=1 width=34)
        Group Key: supplier.s_name
        ->  Sort  (cost=344438.77..344438.78 rows=1 width=26)
              Sort Key: supplier.s_name
              ->  Gather  (cost=209714.88..344438.76 rows=1 width=26)
                    Workers Planned: 5
                    ->  Nested Loop Anti Join  (cost=208714.88..343438.66 rows=1 width=26)
                          ->  Nested Loop Semi Join  (cost=208713.07..341815.39 rows=232 width=34)
                                Join Filter: ((lineitem_1.l_suppkey <> lineitem.l_suppkey) AND (o.o_orderkey = o_1.o_orderkey))
                                ->  Nested Loop  (cost=208710.30..341584.41 rows=573 width=46)
                                      Join Filter: (orders.o_orderkey = o.o_orderkey)
                                      ->  Hash Join  (cost=208709.87..341018.30 rows=1179 width=42)
                                            Hash Cond: (lineitem.l_suppkey = supplier.s_suppkey)
                                            ->  Parallel Hash Semi Join  (cost=208221.14..339910.94 rows=161818 width=16)
                                                  Hash Cond: ((lineitem.l_linenumber = l.l_linenumber) AND (lineitem.l_orderkey = o.o_orderkey))
                                                  ->  Parallel Seq Scan on lineitem  (cost=0.00..127606.60 rows=400176 width=12)
                                                        Filter: (l_receiptdate > l_commitdate)
                                                  ->  Parallel Hash  (cost=200939.33..200939.33 rows=485454 width=12)
                                                        ->  Parallel Hash Semi Join  (cost=59286.54..200939.33 rows=485454 width=12)
                                                              Hash Cond: ((l.l_partkey = ps.ps_partkey) AND (l.l_suppkey = ps.ps_suppkey))
                                                              ->  Parallel Hash Semi Join  (cost=34630.15..167787.50 rows=485454 width=20)
                                                                    Hash Cond: (l.l_orderkey = o.o_orderkey)
                                                                    ->  Parallel Seq Scan on lineitem l  (cost=0.00..124605.28 rows=1200528 width=16)
                                                                    ->  Parallel Hash  (cost=32184.39..32184.39 rows=195661 width=4)
                                                                          ->  Parallel Seq Scan on orders o  (cost=0.00..32184.39 rows=195661 width=4)
                                                                                Filter: (o_orderpriority = ANY ('{1-URGENT,2-HIGH}'::bpchar[]))
                                                              ->  Parallel Hash  (cost=20785.81..20785.81 rows=258039 width=8)
                                                                    ->  Parallel Seq Scan on partsupp ps  (cost=0.00..20785.81 rows=258039 width=8)
                                                                          Filter: (ps_availqty > 0)
                                            ->  Hash  (cost=487.82..487.82 rows=73 width=34)
                                                  ->  Hash Right Semi Join  (cost=258.58..487.82 rows=73 width=34)
                                                        Hash Cond: (s.s_suppkey = supplier.s_suppkey)
                                                        ->  Nested Loop  (cost=7.62..229.29 rows=1822 width=4)
                                                              ->  HashAggregate  (cost=2.48..2.53 rows=5 width=4)
                                                                    Group Key: n.n_nationkey
                                                                    ->  Hash Join  (cost=1.07..2.47 rows=5 width=4)
                                                                          Hash Cond: (n.n_regionkey = r.r_regionkey)
                                                                          ->  Seq Scan on nation n  (cost=0.00..1.25 rows=25 width=8)
                                                                          ->  Hash  (cost=1.06..1.06 rows=1 width=4)
                                                                                ->  Seq Scan on region r  (cost=0.00..1.06 rows=1 width=4)
                                                                                      Filter: (r_name = 'EUROPE'::bpchar)
                                                              ->  Bitmap Heap Scan on supplier s  (cost=5.14..41.71 rows=364 width=8)
                                                                    Recheck Cond: (s_nationkey = n.n_nationkey)
                                                                    Filter: (s_acctbal > '0'::numeric)
                                                                    ->  Bitmap Index Scan on idx_supplier_fk_s_nationkey  (cost=0.00..5.04 rows=400 width=0)
                                                                          Index Cond: (s_nationkey = n.n_nationkey)
                                                        ->  Hash  (cost=245.96..245.96 rows=400 width=30)
                                                              ->  Nested Loop  (cost=7.38..245.96 rows=400 width=30)
                                                                    ->  Seq Scan on nation  (cost=0.00..1.31 rows=1 width=4)
                                                                          Filter: (n_name = 'ARGENTINA'::bpchar)
                                                                    ->  Bitmap Heap Scan on supplier  (cost=7.38..240.65 rows=400 width=34)
                                                                          Recheck Cond: (nation.n_nationkey = s_nationkey)
                                                                          ->  Bitmap Index Scan on idx_supplier_fk_s_nationkey  (cost=0.00..7.29 rows=400 width=0)
                                                                                Index Cond: (s_nationkey = nation.n_nationkey)
                                      ->  Index Scan using idx_orders_pk on orders  (cost=0.43..0.47 rows=1 width=4)
                                            Index Cond: (o_orderkey = l.l_orderkey)
                                            Filter: (o_orderstatus = 'F'::bpchar)
                                ->  Hash Semi Join  (cost=2.77..3.26 rows=2 width=16)
                                      Hash Cond: ((lineitem_1.l_orderkey = o_1.o_orderkey) AND (lineitem_1.l_linenumber = l_1.l_linenumber))
                                      ->  Index Scan using idx_lineitem_fk_l_orderkey on lineitem lineitem_1  (cost=0.43..0.78 rows=15 width=12)
                                            Index Cond: (l_orderkey = l.l_orderkey)
                                      ->  Hash  (cost=2.30..2.30 rows=2 width=12)
                                            ->  Nested Loop Semi Join  (cost=1.34..2.30 rows=2 width=12)
                                                  ->  Hash Semi Join  (cost=0.91..1.36 rows=2 width=20)
                                                        Hash Cond: (l_1.l_orderkey = o_1.o_orderkey)
                                                        ->  Index Scan using idx_lineitem_fk_l_orderkey on lineitem l_1  (cost=0.43..0.78 rows=15 width=16)
                                                              Index Cond: (l_orderkey = l.l_orderkey)
                                                        ->  Hash  (cost=0.47..0.47 rows=1 width=4)
                                                              ->  Index Scan using idx_orders_pk on orders o_1  (cost=0.43..0.47 rows=1 width=4)
                                                                    Index Cond: (o_orderkey = l.l_orderkey)
                                                                    Filter: (o_orderpriority = ANY ('{1-URGENT,2-HIGH}'::bpchar[]))
                                                  ->  Index Scan using idx_partsupp_pk on partsupp ps_1  (cost=0.42..0.46 rows=1 width=8)
                                                        Index Cond: ((ps_partkey = l_1.l_partkey) AND (ps_suppkey = l_1.l_suppkey))
                                                        Filter: (ps_availqty > 0)
                          ->  Nested Loop Semi Join  (cost=1.81..9.75 rows=2 width=8)
                                ->  Index Scan using idx_lineitem_fk_l_orderkey on lineitem lineitem_2  (cost=0.43..1.01 rows=5 width=12)
                                      Index Cond: (l_orderkey = lineitem.l_orderkey)
                                      Filter: ((l_receiptdate > l_commitdate) AND (l_suppkey <> lineitem.l_suppkey))
                                ->  Nested Loop Semi Join  (cost=1.38..1.74 rows=1 width=12)
                                      ->  Hash Semi Join  (cost=0.95..1.27 rows=1 width=20)
                                            Hash Cond: (l_2.l_orderkey = o_2.o_orderkey)
                                            ->  Index Scan using idx_lineitem_pk on lineitem l_2  (cost=0.43..0.73 rows=2 width=16)
                                                  Index Cond: ((l_orderkey = lineitem_2.l_orderkey) AND (l_linenumber = lineitem_2.l_linenumber))
                                            ->  Hash  (cost=0.51..0.51 rows=1 width=4)
                                                  ->  Index Scan using idx_orders_pk on orders o_2  (cost=0.43..0.51 rows=1 width=4)
                                                        Index Cond: (o_orderkey = lineitem_2.l_orderkey)
                                                        Filter: (o_orderpriority = ANY ('{1-URGENT,2-HIGH}'::bpchar[]))
                                      ->  Index Scan using idx_partsupp_pk on partsupp ps_2  (cost=0.42..0.46 rows=1 width=8)
                                            Index Cond: ((ps_partkey = l_2.l_partkey) AND (ps_suppkey = l_2.l_suppkey))
                                            Filter: (ps_availqty > 0)
JIT:
  Functions: 147
  Options: Inlining false, Optimization false, Expressions true, Deforming true

 select
        cntrycode,
        count(*) as numcust,
        sum(c_acctbal) as totacctbal
from
        (
                select
                        substring(c_phone from 1 for 2) as cntrycode,
                        c_acctbal
                FROM customer_view
                where
                        substring(c_phone from 1 for 2) in
                                ('13', '31', '23', '29', '30', '18', '17')
                        and c_acctbal > (
                                select
                                        avg(c_acctbal)
                                FROM customer_view
                                where
                                        c_acctbal > 0.00
                                        and substring(c_phone from 1 for 2) in
                                                ('13', '31', '23', '29', '30', '18', '17')
                        )
                        and not exists (
                                select
                                        *
                                from
                                        orders
                                where
                                        o_custkey = c_custkey
                        )
        ) as custsale
group by
        cntrycode
order by
        cntrycode
b"EXPLAIN select\n        cntrycode,\n        count(*) as numcust,\n        sum(c_acctbal) as totacctbal\nfrom\n        (\n                select\n                        substring(c_phone from 1 for 2) as cntrycode,\n                        c_acctbal\n                FROM customer_view\n                where\n                        substring(c_phone from 1 for 2) in\n                                ('13', '31', '23', '29', '30', '18', '17')\n                        and c_acctbal > (\n                                select\n                                        avg(c_acctbal)\n                                FROM customer_view\n                                where\n                                        c_acctbal > 0.00\n                                        and substring(c_phone from 1 for 2) in\n                                                ('13', '31', '23', '29', '30', '18', '17')\n                        )\n                        and not exists (\n                                select\n                                        *\n                                from\n                                        orders\n                                where\n                                        o_custkey = c_custkey\n                        )\n        ) as custsale\ngroup by\n        cntrycode\norder by\n        cntrycode"

Pretty EXPLAIN output:
GroupAggregate  (cost=19764.47..19802.94 rows=272 width=72)
  Group Key: (SUBSTRING(customer.c_phone FROM 1 FOR 2))
  InitPlan 1
    ->  Finalize Aggregate  (cost=11325.90..11325.91 rows=1 width=32)
          ->  Gather  (cost=11325.68..11325.89 rows=2 width=32)
                Workers Planned: 2
                ->  Partial Aggregate  (cost=10325.68..10325.69 rows=1 width=32)
                      ->  Parallel Hash Semi Join  (cost=5069.98..10323.87 rows=723 width=6)
                            Hash Cond: (customer_1.c_custkey = c_1.c_custkey)
                            ->  Parallel Seq Scan on customer customer_1  (cost=0.00..5240.62 rows=1989 width=10)
                                  Filter: ((c_acctbal > 0.00) AND (SUBSTRING(c_phone FROM 1 FOR 2) = ANY ('{13,31,23,29,30,18,17}'::text[])))
                            ->  Parallel Hash  (cost=4785.89..4785.89 rows=22727 width=4)
                                  ->  Hash Semi Join  (cost=2.66..4785.89 rows=22727 width=4)
                                        Hash Cond: (c_1.c_nationkey = n_1.n_nationkey)
                                        ->  Parallel Seq Scan on customer c_1  (cost=0.00..4381.25 rows=56817 width=8)
                                              Filter: (c_acctbal > '0'::numeric)
                                        ->  Hash  (cost=2.53..2.53 rows=10 width=4)
                                              ->  Hash Join  (cost=1.09..2.53 rows=10 width=4)
                                                    Hash Cond: (n_1.n_regionkey = r_1.r_regionkey)
                                                    ->  Seq Scan on nation n_1  (cost=0.00..1.25 rows=25 width=8)
                                                    ->  Hash  (cost=1.06..1.06 rows=2 width=4)
                                                          ->  Seq Scan on region r_1  (cost=0.00..1.06 rows=2 width=4)
                                                                Filter: (r_name = ANY ('{EUROPE,AMERICA}'::bpchar[]))
  ->  Gather Merge  (cost=8438.56..8470.24 rows=272 width=38)
        Workers Planned: 2
        ->  Sort  (cost=7438.53..7438.82 rows=113 width=38)
              Sort Key: (SUBSTRING(customer.c_phone FROM 1 FOR 2))
              ->  Nested Loop Semi Join  (cost=1.12..7434.68 rows=113 width=38)
                    ->  Nested Loop Anti Join  (cost=0.43..5742.40 rows=312 width=26)
                          ->  Parallel Seq Scan on customer  (cost=0.00..5240.62 rows=729 width=26)
                                Filter: ((c_acctbal > (InitPlan 1).col1) AND (SUBSTRING(c_phone FROM 1 FOR 2) = ANY ('{13,31,23,29,30,18,17}'::text[])))
                          ->  Index Only Scan using idx_orders_fk_o_custkey on orders  (cost=0.43..3.30 rows=17 width=4)
                                Index Cond: (o_custkey = customer.c_custkey)
                    ->  Nested Loop Semi Join  (cost=0.69..5.41 rows=1 width=4)
                          ->  Index Scan using idx_customer_pk on customer c  (cost=0.42..4.60 rows=1 width=8)
                                Index Cond: (c_custkey = customer.c_custkey)
                                Filter: (c_acctbal > '0'::numeric)
                          ->  Nested Loop  (cost=0.27..0.80 rows=1 width=4)
                                ->  Index Scan using idx_nation_pk on nation n  (cost=0.14..0.16 rows=1 width=8)
                                      Index Cond: (n_nationkey = c.c_nationkey)
                                ->  Index Scan using idx_region_pk on region r  (cost=0.13..0.63 rows=1 width=4)
                                      Index Cond: (r_regionkey = n.n_regionkey)
                                      Filter: (r_name = ANY ('{EUROPE,AMERICA}'::bpchar[]))
b"EXPLAIN select\n        cntrycode,\n        count(*) as numcust,\n        sum(c_acctbal) as totacctbal\nfrom\n        (\n                select\n                        substring(c_phone from 1 for 2) as cntrycode,\n                        c_acctbal\n                FROM customer_view\n                where\n                        substring(c_phone from 1 for 2) in\n                                ('13', '31', '23', '29', '30', '18', '17')\n                        and c_acctbal > (\n                                select\n                                        avg(c_acctbal)\n                                FROM customer_view\n                                where\n                                        c_acctbal > 0.00\n                                        and substring(c_phone from 1 for 2) in\n                                                ('13', '31', '23', '29', '30', '18', '17')\n                        )\n                        and not exists (\n                                select\n                                        *\n                                from\n                                        orders\n                                where\n                                        o_custkey = c_custkey\n                        )\n        ) as custsale\ngroup by\n        cntrycode\norder by\n        cntrycode"

Pretty EXPLAIN output:
GroupAggregate  (cost=19764.47..19802.94 rows=272 width=72)
  Group Key: (SUBSTRING(customer.c_phone FROM 1 FOR 2))
  InitPlan 1
    ->  Finalize Aggregate  (cost=11325.90..11325.91 rows=1 width=32)
          ->  Gather  (cost=11325.68..11325.89 rows=2 width=32)
                Workers Planned: 2
                ->  Partial Aggregate  (cost=10325.68..10325.69 rows=1 width=32)
                      ->  Parallel Hash Semi Join  (cost=5069.98..10323.87 rows=723 width=6)
                            Hash Cond: (customer_1.c_custkey = c_1.c_custkey)
                            ->  Parallel Seq Scan on customer customer_1  (cost=0.00..5240.62 rows=1989 width=10)
                                  Filter: ((c_acctbal > 0.00) AND (SUBSTRING(c_phone FROM 1 FOR 2) = ANY ('{13,31,23,29,30,18,17}'::text[])))
                            ->  Parallel Hash  (cost=4785.89..4785.89 rows=22727 width=4)
                                  ->  Hash Semi Join  (cost=2.66..4785.89 rows=22727 width=4)
                                        Hash Cond: (c_1.c_nationkey = n_1.n_nationkey)
                                        ->  Parallel Seq Scan on customer c_1  (cost=0.00..4381.25 rows=56817 width=8)
                                              Filter: (c_acctbal > '0'::numeric)
                                        ->  Hash  (cost=2.53..2.53 rows=10 width=4)
                                              ->  Hash Join  (cost=1.09..2.53 rows=10 width=4)
                                                    Hash Cond: (n_1.n_regionkey = r_1.r_regionkey)
                                                    ->  Seq Scan on nation n_1  (cost=0.00..1.25 rows=25 width=8)
                                                    ->  Hash  (cost=1.06..1.06 rows=2 width=4)
                                                          ->  Seq Scan on region r_1  (cost=0.00..1.06 rows=2 width=4)
                                                                Filter: (r_name = ANY ('{EUROPE,AMERICA}'::bpchar[]))
  ->  Gather Merge  (cost=8438.56..8470.24 rows=272 width=38)
        Workers Planned: 2
        ->  Sort  (cost=7438.53..7438.82 rows=113 width=38)
              Sort Key: (SUBSTRING(customer.c_phone FROM 1 FOR 2))
              ->  Nested Loop Semi Join  (cost=1.12..7434.68 rows=113 width=38)
                    ->  Nested Loop Anti Join  (cost=0.43..5742.40 rows=312 width=26)
                          ->  Parallel Seq Scan on customer  (cost=0.00..5240.62 rows=729 width=26)
                                Filter: ((c_acctbal > (InitPlan 1).col1) AND (SUBSTRING(c_phone FROM 1 FOR 2) = ANY ('{13,31,23,29,30,18,17}'::text[])))
                          ->  Index Only Scan using idx_orders_fk_o_custkey on orders  (cost=0.43..3.30 rows=17 width=4)
                                Index Cond: (o_custkey = customer.c_custkey)
                    ->  Nested Loop Semi Join  (cost=0.69..5.41 rows=1 width=4)
                          ->  Index Scan using idx_customer_pk on customer c  (cost=0.42..4.60 rows=1 width=8)
                                Index Cond: (c_custkey = customer.c_custkey)
                                Filter: (c_acctbal > '0'::numeric)
                          ->  Nested Loop  (cost=0.27..0.80 rows=1 width=4)
                                ->  Index Scan using idx_nation_pk on nation n  (cost=0.14..0.16 rows=1 width=8)
                                      Index Cond: (n_nationkey = c.c_nationkey)
                                ->  Index Scan using idx_region_pk on region r  (cost=0.13..0.63 rows=1 width=4)
                                      Index Cond: (r_regionkey = n.n_regionkey)
                                      Filter: (r_name = ANY ('{EUROPE,AMERICA}'::bpchar[]))
